barcodes	Number of mRNA transcripts	Number of genes	Percentage of mitochondrial genes	Orig ident	CloneType	CloneType quantity	Sample run	Sample ID	Subject ID	Condition	Tissue	Gender	Storage technique	Author's cell type	Cell source	Sequencing platform	Quantification	Age	Dx	DxELN Cytogenetic	Cytogenetics	FAB	BM Blasts	BMT in CR1	Risk	Reason	Age group	Sampling technique	Sampling site	Genome	Cell sorting	chosen_cells	simplified_celltype	X_UMAP	Y_UMAP
AAACCTGGTCGAAAGC-1	1686.0	800.0	0.048635826	2020-05-22-5prime_1	Small (0 < X <= 0.01)	Small (1 < X <= 5)	X2020.05.22.5prime_1	Control0182_BM_Tcells	Control0182	Normal	 Bone marrow mononuclear cells (BMMCs)	male	Fresh frozen	CD8+ Cytotoxic	mononuclear cells	5' Chromium Single Cell	CellRanger v.5.0	51 years	Unassigned	Unassigned	Unassigned	Unassigned	Unassigned	Unassigned	Unassigned	Unassigned	Control old	Aspirate	Normal	GRCh38	enriched using a pan T-cell isolation kit/sorted for live CD45+CD3+ cells	True	terminal effector T cells	5.337564	-3.603077
AAAGCAACATTTGCCC-1	2721.0	978.0	0.023888277	2020-05-22-5prime_1	Small (0 < X <= 0.01)	Single (0 < X <= 1)	X2020.05.22.5prime_1	Control0182_BM_Tcells	Control0182	Normal	 Bone marrow mononuclear cells (BMMCs)	male	Fresh frozen	CD8+ GZMK+	mononuclear cells	5' Chromium Single Cell	CellRanger v.5.0	51 years	Unassigned	Unassigned	Unassigned	Unassigned	Unassigned	Unassigned	Unassigned	Unassigned	Control old	Aspirate	Normal	GRCh38	enriched using a pan T-cell isolation kit/sorted for live CD45+CD3+ cells	True	terminal effector T cells	3.692298	-1.3731097
AACCATGGTGAGGCTA-1	4356.0	1557.0	0.03351699	2020-05-22-5prime_1	Small (0 < X <= 0.01)	Small (1 < X <= 5)	X2020.05.22.5prime_1	Control0182_BM_Tcells	Control0182	Normal	 Bone marrow mononuclear cells (BMMCs)	male	Fresh frozen	CD8+ NK-like	mononuclear cells	5' Chromium Single Cell	CellRanger v.5.0	51 years	Unassigned	Unassigned	Unassigned	Unassigned	Unassigned	Unassigned	Unassigned	Unassigned	Control old	Aspirate	Normal	GRCh38	enriched using a pan T-cell isolation kit/sorted for live CD45+CD3+ cells	True	terminal effector T cells	4.6005898	0.98849887
ACACTGAGTATTCGTG-1	3091.0	1192.0	0.03073439	2020-05-22-5prime_1	Small (0 < X <= 0.01)	Single (0 < X <= 1)	X2020.05.22.5prime_1	Control0182_BM_Tcells	Control0182	Normal	 Bone marrow mononuclear cells (BMMCs)	male	Fresh frozen	CD8+ NK-like	mononuclear cells	5' Chromium Single Cell	CellRanger v.5.0	51 years	Unassigned	Unassigned	Unassigned	Unassigned	Unassigned	Unassigned	Unassigned	Unassigned	Control old	Aspirate	Normal	GRCh38	enriched using a pan T-cell isolation kit/sorted for live CD45+CD3+ cells	True	terminal effector T cells	4.7203646	0.45395094
ACAGCTAGTTCCGTCT-1	2209.0	950.0	0.044363964	2020-05-22-5prime_1	Small (0 < X <= 0.01)	Single (0 < X <= 1)	X2020.05.22.5prime_1	Control0182_BM_Tcells	Control0182	Normal	 Bone marrow mononuclear cells (BMMCs)	male	Fresh frozen	CD8+ GZMK+	mononuclear cells	5' Chromium Single Cell	CellRanger v.5.0	51 years	Unassigned	Unassigned	Unassigned	Unassigned	Unassigned	Unassigned	Unassigned	Unassigned	Control old	Aspirate	Normal	GRCh38	enriched using a pan T-cell isolation kit/sorted for live CD45+CD3+ cells	True	terminal effector T cells	3.877271	-0.6850879
ACCAGTACAAGTTGTC-1	2802.0	1243.0	0.014632406	2020-05-22-5prime_1	Small (0 < X <= 0.01)	Single (0 < X <= 1)	X2020.05.22.5prime_1	Control0182_BM_Tcells	Control0182	Normal	 Bone marrow mononuclear cells (BMMCs)	male	Fresh frozen	Regulatory T cell (Treg)	mononuclear cells	5' Chromium Single Cell	CellRanger v.5.0	51 years	Unassigned	Unassigned	Unassigned	Unassigned	Unassigned	Unassigned	Unassigned	Unassigned	Control old	Aspirate	Normal	GRCh38	enriched using a pan T-cell isolation kit/sorted for live CD45+CD3+ cells	True	naive / central memory T cells	-4.336048	4.293321
ACCCACTAGATCTGCT-1	3674.0	1470.0	0.028579205	2020-05-22-5prime_1	Small (0 < X <= 0.01)	Single (0 < X <= 1)	X2020.05.22.5prime_1	Control0182_BM_Tcells	Control0182	Normal	 Bone marrow mononuclear cells (BMMCs)	male	Fresh frozen	CD8+ Cytotoxic	mononuclear cells	5' Chromium Single Cell	CellRanger v.5.0	51 years	Unassigned	Unassigned	Unassigned	Unassigned	Unassigned	Unassigned	Unassigned	Unassigned	Control old	Aspirate	Normal	GRCh38	enriched using a pan T-cell isolation kit/sorted for live CD45+CD3+ cells	True	terminal effector T cells	4.7168956	-2.5103073
ACGAGGACACGCCAGT-1	4507.0	1451.0	0.048369203	2020-05-22-5prime_1	Small (0 < X <= 0.01)	Small (1 < X <= 5)	X2020.05.22.5prime_1	Control0182_BM_Tcells	Control0182	Normal	 Bone marrow mononuclear cells (BMMCs)	male	Fresh frozen	CD8+ NK-like	mononuclear cells	5' Chromium Single Cell	CellRanger v.5.0	51 years	Unassigned	Unassigned	Unassigned	Unassigned	Unassigned	Unassigned	Unassigned	Unassigned	Control old	Aspirate	Normal	GRCh38	enriched using a pan T-cell isolation kit/sorted for live CD45+CD3+ cells	True	terminal effector T cells	4.27598	1.797133
ACTATCTAGCTAAGAT-1	3393.0	1134.0	0.052755672	2020-05-22-5prime_1	Small (0 < X <= 0.01)	Single (0 < X <= 1)	X2020.05.22.5prime_1	Control0182_BM_Tcells	Control0182	Normal	 Bone marrow mononuclear cells (BMMCs)	male	Fresh frozen	Mucosal-associated invariant T (MAIT)	mononuclear cells	5' Chromium Single Cell	CellRanger v.5.0	51 years	Unassigned	Unassigned	Unassigned	Unassigned	Unassigned	Unassigned	Unassigned	Unassigned	Control old	Aspirate	Normal	GRCh38	enriched using a pan T-cell isolation kit/sorted for live CD45+CD3+ cells	True	transitional T cells	-1.4155968	5.049791
AGCGTATCAGCTTCGG-1	2560.0	1069.0	0.017578125	2020-05-22-5prime_1	Small (0 < X <= 0.01)	Single (0 < X <= 1)	X2020.05.22.5prime_1	Control0182_BM_Tcells	Control0182	Normal	 Bone marrow mononuclear cells (BMMCs)	male	Fresh frozen	CD8+ Cytotoxic	mononuclear cells	5' Chromium Single Cell	CellRanger v.5.0	51 years	Unassigned	Unassigned	Unassigned	Unassigned	Unassigned	Unassigned	Unassigned	Unassigned	Control old	Aspirate	Normal	GRCh38	enriched using a pan T-cell isolation kit/sorted for live CD45+CD3+ cells	True	terminal effector T cells	6.669515	-3.0241625
AGGCCACGTTATGTGC-1	4558.0	1370.0	0.019745503	2020-05-22-5prime_1	Small (0 < X <= 0.01)	Single (0 < X <= 1)	X2020.05.22.5prime_1	Control0182_BM_Tcells	Control0182	Normal	 Bone marrow mononuclear cells (BMMCs)	male	Fresh frozen	CD4+ Naive	mononuclear cells	5' Chromium Single Cell	CellRanger v.5.0	51 years	Unassigned	Unassigned	Unassigned	Unassigned	Unassigned	Unassigned	Unassigned	Unassigned	Control old	Aspirate	Normal	GRCh38	enriched using a pan T-cell isolation kit/sorted for live CD45+CD3+ cells	True	naive / central memory T cells	-4.605222	0.37783575
AGTAGTCGTATAGTAG-1	4523.0	1373.0	0.029626355	2020-05-22-5prime_1	Small (0 < X <= 0.01)	Single (0 < X <= 1)	X2020.05.22.5prime_1	Control0182_BM_Tcells	Control0182	Normal	 Bone marrow mononuclear cells (BMMCs)	male	Fresh frozen	CD8+ Naive	mononuclear cells	5' Chromium Single Cell	CellRanger v.5.0	51 years	Unassigned	Unassigned	Unassigned	Unassigned	Unassigned	Unassigned	Unassigned	Unassigned	Control old	Aspirate	Normal	GRCh38	enriched using a pan T-cell isolation kit/sorted for live CD45+CD3+ cells	True	naive / central memory T cells	-4.524988	-2.598567
ATAGACCTCACAGTAC-1	2521.0	971.0	0.032130107	2020-05-22-5prime_1	Small (0 < X <= 0.01)	Single (0 < X <= 1)	X2020.05.22.5prime_1	Control0182_BM_Tcells	Control0182	Normal	 Bone marrow mononuclear cells (BMMCs)	male	Fresh frozen	CD8+ GZMK+	mononuclear cells	5' Chromium Single Cell	CellRanger v.5.0	51 years	Unassigned	Unassigned	Unassigned	Unassigned	Unassigned	Unassigned	Unassigned	Unassigned	Control old	Aspirate	Normal	GRCh38	enriched using a pan T-cell isolation kit/sorted for live CD45+CD3+ cells	True	terminal effector T cells	3.1300654	-0.9494215
ATCACGAAGAGCCTAG-1	3040.0	1200.0	0.024013158	2020-05-22-5prime_1	Small (0 < X <= 0.01)	Small (1 < X <= 5)	X2020.05.22.5prime_1	Control0182_BM_Tcells	Control0182	Normal	 Bone marrow mononuclear cells (BMMCs)	male	Fresh frozen	CD8+ Cytotoxic	mononuclear cells	5' Chromium Single Cell	CellRanger v.5.0	51 years	Unassigned	Unassigned	Unassigned	Unassigned	Unassigned	Unassigned	Unassigned	Unassigned	Control old	Aspirate	Normal	GRCh38	enriched using a pan T-cell isolation kit/sorted for live CD45+CD3+ cells	True	terminal effector T cells	5.2973413	-2.8186188
ATCCGAACACACAGAG-1	2608.0	1006.0	0.044861965	2020-05-22-5prime_1	Small (0 < X <= 0.01)	Single (0 < X <= 1)	X2020.05.22.5prime_1	Control0182_BM_Tcells	Control0182	Normal	 Bone marrow mononuclear cells (BMMCs)	male	Fresh frozen	CD8+ Naive	mononuclear cells	5' Chromium Single Cell	CellRanger v.5.0	51 years	Unassigned	Unassigned	Unassigned	Unassigned	Unassigned	Unassigned	Unassigned	Unassigned	Control old	Aspirate	Normal	GRCh38	enriched using a pan T-cell isolation kit/sorted for live CD45+CD3+ cells	True	naive / central memory T cells	-3.9339697	-2.6812656
CAACCAACAGGAACGT-1	6161.0	1742.0	0.018828113	2020-05-22-5prime_1	Small (0 < X <= 0.01)	Single (0 < X <= 1)	X2020.05.22.5prime_1	Control0182_BM_Tcells	Control0182	Normal	 Bone marrow mononuclear cells (BMMCs)	male	Fresh frozen	CD8+ NK-like	mononuclear cells	5' Chromium Single Cell	CellRanger v.5.0	51 years	Unassigned	Unassigned	Unassigned	Unassigned	Unassigned	Unassigned	Unassigned	Unassigned	Control old	Aspirate	Normal	GRCh38	enriched using a pan T-cell isolation kit/sorted for live CD45+CD3+ cells	True	terminal effector T cells	5.3677306	-2.5242636
CACACAACAATGAATG-1	3486.0	949.0	0.015490534	2020-05-22-5prime_1	Small (0 < X <= 0.01)	Single (0 < X <= 1)	X2020.05.22.5prime_1	Control0182_BM_Tcells	Control0182	Normal	 Bone marrow mononuclear cells (BMMCs)	male	Fresh frozen	CD8+ Naive	mononuclear cells	5' Chromium Single Cell	CellRanger v.5.0	51 years	Unassigned	Unassigned	Unassigned	Unassigned	Unassigned	Unassigned	Unassigned	Unassigned	Control old	Aspirate	Normal	GRCh38	enriched using a pan T-cell isolation kit/sorted for live CD45+CD3+ cells	True	naive / central memory T cells	-4.75277	-2.6165762
CAGCGACGTATTCGTG-1	3199.0	986.0	0.018443264	2020-05-22-5prime_1	Small (0 < X <= 0.01)	Single (0 < X <= 1)	X2020.05.22.5prime_1	Control0182_BM_Tcells	Control0182	Normal	 Bone marrow mononuclear cells (BMMCs)	male	Fresh frozen	CD4+ central memory T (CD4+ TCM)	mononuclear cells	5' Chromium Single Cell	CellRanger v.5.0	51 years	Unassigned	Unassigned	Unassigned	Unassigned	Unassigned	Unassigned	Unassigned	Unassigned	Control old	Aspirate	Normal	GRCh38	enriched using a pan T-cell isolation kit/sorted for live CD45+CD3+ cells	True	naive / central memory T cells	-4.792237	0.22919406
CCACCTAGTAGGCATG-1	2723.0	961.0	0.019096585	2020-05-22-5prime_1	Small (0 < X <= 0.01)	Single (0 < X <= 1)	X2020.05.22.5prime_1	Control0182_BM_Tcells	Control0182	Normal	 Bone marrow mononuclear cells (BMMCs)	male	Fresh frozen	CD8+ Naive	mononuclear cells	5' Chromium Single Cell	CellRanger v.5.0	51 years	Unassigned	Unassigned	Unassigned	Unassigned	Unassigned	Unassigned	Unassigned	Unassigned	Control old	Aspirate	Normal	GRCh38	enriched using a pan T-cell isolation kit/sorted for live CD45+CD3+ cells	True	naive / central memory T cells	-3.7883728	-2.8141534
CCTTACGCACGACTCG-1	4389.0	1016.0	0.038961038	2020-05-22-5prime_1	Small (0 < X <= 0.01)	Single (0 < X <= 1)	X2020.05.22.5prime_1	Control0182_BM_Tcells	Control0182	Normal	 Bone marrow mononuclear cells (BMMCs)	male	Fresh frozen	CD4+ Naive	mononuclear cells	5' Chromium Single Cell	CellRanger v.5.0	51 years	Unassigned	Unassigned	Unassigned	Unassigned	Unassigned	Unassigned	Unassigned	Unassigned	Control old	Aspirate	Normal	GRCh38	enriched using a pan T-cell isolation kit/sorted for live CD45+CD3+ cells	True	naive / central memory T cells	-4.8193574	0.25335878
CGTAGGCGTGATGTGG-1	3202.0	849.0	0.015615241	2020-05-22-5prime_1	Small (0 < X <= 0.01)	Single (0 < X <= 1)	X2020.05.22.5prime_1	Control0182_BM_Tcells	Control0182	Normal	 Bone marrow mononuclear cells (BMMCs)	male	Fresh frozen	CD4+ central memory T (CD4+ TCM)	mononuclear cells	5' Chromium Single Cell	CellRanger v.5.0	51 years	Unassigned	Unassigned	Unassigned	Unassigned	Unassigned	Unassigned	Unassigned	Unassigned	Control old	Aspirate	Normal	GRCh38	enriched using a pan T-cell isolation kit/sorted for live CD45+CD3+ cells	True	naive / central memory T cells	-5.4434896	-2.3077068
CTCGGGAGTTATGTGC-1	2563.0	987.0	0.032774094	2020-05-22-5prime_1	Small (0 < X <= 0.01)	Small (1 < X <= 5)	X2020.05.22.5prime_1	Control0182_BM_Tcells	Control0182	Normal	 Bone marrow mononuclear cells (BMMCs)	male	Fresh frozen	CD8+ tissue-resident memory T (TRM)	mononuclear cells	5' Chromium Single Cell	CellRanger v.5.0	51 years	Unassigned	Unassigned	Unassigned	Unassigned	Unassigned	Unassigned	Unassigned	Unassigned	Control old	Aspirate	Normal	GRCh38	enriched using a pan T-cell isolation kit/sorted for live CD45+CD3+ cells	True	transitional T cells	0.4847865	1.13673
CTGCTGTCAGATTGCT-1	3086.0	989.0	0.042773817	2020-05-22-5prime_1	Small (0 < X <= 0.01)	Single (0 < X <= 1)	X2020.05.22.5prime_1	Control0182_BM_Tcells	Control0182	Normal	 Bone marrow mononuclear cells (BMMCs)	male	Fresh frozen	CD4+ Naive	mononuclear cells	5' Chromium Single Cell	CellRanger v.5.0	51 years	Unassigned	Unassigned	Unassigned	Unassigned	Unassigned	Unassigned	Unassigned	Unassigned	Control old	Aspirate	Normal	GRCh38	enriched using a pan T-cell isolation kit/sorted for live CD45+CD3+ cells	True	naive / central memory T cells	-4.736034	0.41607744
GACGTTACAACACCCG-1	3080.0	1092.0	0.016233766	2020-05-22-5prime_1	Small (0 < X <= 0.01)	Single (0 < X <= 1)	X2020.05.22.5prime_1	Control0182_BM_Tcells	Control0182	Normal	 Bone marrow mononuclear cells (BMMCs)	male	Fresh frozen	CD4+ Naive	mononuclear cells	5' Chromium Single Cell	CellRanger v.5.0	51 years	Unassigned	Unassigned	Unassigned	Unassigned	Unassigned	Unassigned	Unassigned	Unassigned	Control old	Aspirate	Normal	GRCh38	enriched using a pan T-cell isolation kit/sorted for live CD45+CD3+ cells	True	naive / central memory T cells	-4.463542	0.61133236
GCACATAAGGAGTAGA-1	5372.0	1340.0	0.026991809	2020-05-22-5prime_1	Small (0 < X <= 0.01)	Single (0 < X <= 1)	X2020.05.22.5prime_1	Control0182_BM_Tcells	Control0182	Normal	 Bone marrow mononuclear cells (BMMCs)	male	Fresh frozen	CD4+ central memory T (CD4+ TCM)	mononuclear cells	5' Chromium Single Cell	CellRanger v.5.0	51 years	Unassigned	Unassigned	Unassigned	Unassigned	Unassigned	Unassigned	Unassigned	Unassigned	Control old	Aspirate	Normal	GRCh38	enriched using a pan T-cell isolation kit/sorted for live CD45+CD3+ cells	True	naive / central memory T cells	-4.678264	0.44847462
GCAGTTACAAGGCTCC-1	7777.0	1691.0	0.03870387	2020-05-22-5prime_1	Small (0 < X <= 0.01)	Single (0 < X <= 1)	X2020.05.22.5prime_1	Control0182_BM_Tcells	Control0182	Normal	 Bone marrow mononuclear cells (BMMCs)	male	Fresh frozen	CD8+ Naive	mononuclear cells	5' Chromium Single Cell	CellRanger v.5.0	51 years	Unassigned	Unassigned	Unassigned	Unassigned	Unassigned	Unassigned	Unassigned	Unassigned	Control old	Aspirate	Normal	GRCh38	enriched using a pan T-cell isolation kit/sorted for live CD45+CD3+ cells	True	naive / central memory T cells	-4.839533	-2.8186338
GCGCCAATCGAATGCT-1	3220.0	1243.0	0.055279505	2020-05-22-5prime_1	Small (0 < X <= 0.01)	Single (0 < X <= 1)	X2020.05.22.5prime_1	Control0182_BM_Tcells	Control0182	Normal	 Bone marrow mononuclear cells (BMMCs)	male	Fresh frozen	CD8+ NK-like	mononuclear cells	5' Chromium Single Cell	CellRanger v.5.0	51 years	Unassigned	Unassigned	Unassigned	Unassigned	Unassigned	Unassigned	Unassigned	Unassigned	Control old	Aspirate	Normal	GRCh38	enriched using a pan T-cell isolation kit/sorted for live CD45+CD3+ cells	True	terminal effector T cells	5.3629527	-1.2938308
GGCGTGTTCACGCATA-1	4259.0	1377.0	0.019957736	2020-05-22-5prime_1	Small (0 < X <= 0.01)	Single (0 < X <= 1)	X2020.05.22.5prime_1	Control0182_BM_Tcells	Control0182	Normal	 Bone marrow mononuclear cells (BMMCs)	male	Fresh frozen	CD4+ Naive	mononuclear cells	5' Chromium Single Cell	CellRanger v.5.0	51 years	Unassigned	Unassigned	Unassigned	Unassigned	Unassigned	Unassigned	Unassigned	Unassigned	Control old	Aspirate	Normal	GRCh38	enriched using a pan T-cell isolation kit/sorted for live CD45+CD3+ cells	True	naive / central memory T cells	-4.3820615	3.7235384
GGTGCGTGTCACCCAG-1	862.0	498.0	0.04988399	2020-05-22-5prime_1	Small (0 < X <= 0.01)	Single (0 < X <= 1)	X2020.05.22.5prime_1	Control0182_BM_Tcells	Control0182	Normal	 Bone marrow mononuclear cells (BMMCs)	male	Fresh frozen	CD8+ Cytotoxic	mononuclear cells	5' Chromium Single Cell	CellRanger v.5.0	51 years	Unassigned	Unassigned	Unassigned	Unassigned	Unassigned	Unassigned	Unassigned	Unassigned	Control old	Aspirate	Normal	GRCh38	enriched using a pan T-cell isolation kit/sorted for live CD45+CD3+ cells	True	terminal effector T cells	5.020233	-3.35118
GTAGGCCTCTCTAAGG-1	2945.0	903.0	0.015619694	2020-05-22-5prime_1	Small (0 < X <= 0.01)	Single (0 < X <= 1)	X2020.05.22.5prime_1	Control0182_BM_Tcells	Control0182	Normal	 Bone marrow mononuclear cells (BMMCs)	male	Fresh frozen	CD4+ central memory T (CD4+ TCM)	mononuclear cells	5' Chromium Single Cell	CellRanger v.5.0	51 years	Unassigned	Unassigned	Unassigned	Unassigned	Unassigned	Unassigned	Unassigned	Unassigned	Control old	Aspirate	Normal	GRCh38	enriched using a pan T-cell isolation kit/sorted for live CD45+CD3+ cells	True	naive / central memory T cells	-5.3066163	-2.34365
TAAGCGTCACGAGAGT-1	3372.0	1305.0	0.047449585	2020-05-22-5prime_1	Small (0 < X <= 0.01)	Small (1 < X <= 5)	X2020.05.22.5prime_1	Control0182_BM_Tcells	Control0182	Normal	 Bone marrow mononuclear cells (BMMCs)	male	Fresh frozen	CD8+ Cytotoxic	mononuclear cells	5' Chromium Single Cell	CellRanger v.5.0	51 years	Unassigned	Unassigned	Unassigned	Unassigned	Unassigned	Unassigned	Unassigned	Unassigned	Control old	Aspirate	Normal	GRCh38	enriched using a pan T-cell isolation kit/sorted for live CD45+CD3+ cells	True	terminal effector T cells	4.9912996	-2.8422048
TAGCCGGTCGCACTCT-1	2831.0	1000.0	0.019427763	2020-05-22-5prime_1	Small (0 < X <= 0.01)	Single (0 < X <= 1)	X2020.05.22.5prime_1	Control0182_BM_Tcells	Control0182	Normal	 Bone marrow mononuclear cells (BMMCs)	male	Fresh frozen	CD4+ Naive	mononuclear cells	5' Chromium Single Cell	CellRanger v.5.0	51 years	Unassigned	Unassigned	Unassigned	Unassigned	Unassigned	Unassigned	Unassigned	Unassigned	Control old	Aspirate	Normal	GRCh38	enriched using a pan T-cell isolation kit/sorted for live CD45+CD3+ cells	True	naive / central memory T cells	-5.0092955	-2.2008193
TCACGAAGTACCGCTG-1	2802.0	1154.0	0.03675946	2020-05-22-5prime_1	Small (0 < X <= 0.01)	Small (1 < X <= 5)	X2020.05.22.5prime_1	Control0182_BM_Tcells	Control0182	Normal	 Bone marrow mononuclear cells (BMMCs)	male	Fresh frozen	CD8+ Cytotoxic	mononuclear cells	5' Chromium Single Cell	CellRanger v.5.0	51 years	Unassigned	Unassigned	Unassigned	Unassigned	Unassigned	Unassigned	Unassigned	Unassigned	Control old	Aspirate	Normal	GRCh38	enriched using a pan T-cell isolation kit/sorted for live CD45+CD3+ cells	True	terminal effector T cells	6.0570016	-1.123655
TGGGCGTAGGAGCGTT-1	3255.0	1097.0	0.02672811	2020-05-22-5prime_1	Small (0 < X <= 0.01)	Single (0 < X <= 1)	X2020.05.22.5prime_1	Control0182_BM_Tcells	Control0182	Normal	 Bone marrow mononuclear cells (BMMCs)	male	Fresh frozen	CD4+ central memory T (CD4+ TCM)	mononuclear cells	5' Chromium Single Cell	CellRanger v.5.0	51 years	Unassigned	Unassigned	Unassigned	Unassigned	Unassigned	Unassigned	Unassigned	Unassigned	Control old	Aspirate	Normal	GRCh38	enriched using a pan T-cell isolation kit/sorted for live CD45+CD3+ cells	True	naive / central memory T cells	-4.5129676	1.5937957
TTAGGACCACCACCAG-1	3166.0	1050.0	0.027163614	2020-05-22-5prime_1	Small (0 < X <= 0.01)	Single (0 < X <= 1)	X2020.05.22.5prime_1	Control0182_BM_Tcells	Control0182	Normal	 Bone marrow mononuclear cells (BMMCs)	male	Fresh frozen	CD4+ Naive	mononuclear cells	5' Chromium Single Cell	CellRanger v.5.0	51 years	Unassigned	Unassigned	Unassigned	Unassigned	Unassigned	Unassigned	Unassigned	Unassigned	Control old	Aspirate	Normal	GRCh38	enriched using a pan T-cell isolation kit/sorted for live CD45+CD3+ cells	True	naive / central memory T cells	-3.2820213	-1.0619236
TTCTCAATCGAACGGA-1	2404.0	1053.0	0.042429283	2020-05-22-5prime_1	Small (0 < X <= 0.01)	Single (0 < X <= 1)	X2020.05.22.5prime_1	Control0182_BM_Tcells	Control0182	Normal	 Bone marrow mononuclear cells (BMMCs)	male	Fresh frozen	CD8+ Cytotoxic	mononuclear cells	5' Chromium Single Cell	CellRanger v.5.0	51 years	Unassigned	Unassigned	Unassigned	Unassigned	Unassigned	Unassigned	Unassigned	Unassigned	Control old	Aspirate	Normal	GRCh38	enriched using a pan T-cell isolation kit/sorted for live CD45+CD3+ cells	True	terminal effector T cells	5.207196	-2.2455072
TTTGGTTTCGTAGATC-1	2232.0	939.0	0.030913979	2020-05-22-5prime_1	Small (0 < X <= 0.01)	Single (0 < X <= 1)	X2020.05.22.5prime_1	Control0182_BM_Tcells	Control0182	Normal	 Bone marrow mononuclear cells (BMMCs)	male	Fresh frozen	CD8+ Cytotoxic	mononuclear cells	5' Chromium Single Cell	CellRanger v.5.0	51 years	Unassigned	Unassigned	Unassigned	Unassigned	Unassigned	Unassigned	Unassigned	Unassigned	Control old	Aspirate	Normal	GRCh38	enriched using a pan T-cell isolation kit/sorted for live CD45+CD3+ cells	True	terminal effector T cells	5.0920544	-2.5676193
