	Groups	Clonotypes	Ratio
0	Acute myeloid leukemia<<>>AML009	CAVMDSSYKLIF	0.0
1	Acute myeloid leukemia<<>>AML009	CAVLDSNYQLIW	0.0
2	Acute myeloid leukemia<<>>AML009	CAVMDSNYQLIW	0.0
3	Acute myeloid leukemia<<>>AML009	CAVRDSNYQLIW	0.0
4	Acute myeloid leukemia<<>>AML009	CAGLDSNYQLIW	0.0
5	Acute myeloid leukemia<<>>AML0102	CAVMDSSYKLIF	0.0
6	Acute myeloid leukemia<<>>AML0102	CAVLDSNYQLIW	0.0008748906386701663
7	Acute myeloid leukemia<<>>AML0102	CAVMDSNYQLIW	0.00029163021289005544
8	Acute myeloid leukemia<<>>AML0102	CAVRDSNYQLIW	0.0005832604257801109
9	Acute myeloid leukemia<<>>AML0102	CAGLDSNYQLIW	0.0
10	Acute myeloid leukemia<<>>AML0134	CAVMDSSYKLIF	0.0005277044854881266
11	Acute myeloid leukemia<<>>AML0134	CAVLDSNYQLIW	0.0005277044854881266
12	Acute myeloid leukemia<<>>AML0134	CAVMDSNYQLIW	0.0005277044854881266
13	Acute myeloid leukemia<<>>AML0134	CAVRDSNYQLIW	0.0005277044854881266
14	Acute myeloid leukemia<<>>AML0134	CAGLDSNYQLIW	0.0
15	Acute myeloid leukemia<<>>AML052	CAVMDSSYKLIF	0.0
16	Acute myeloid leukemia<<>>AML052	CAVLDSNYQLIW	0.0013351134846461949
17	Acute myeloid leukemia<<>>AML052	CAVMDSNYQLIW	0.0
18	Acute myeloid leukemia<<>>AML052	CAVRDSNYQLIW	0.0
19	Acute myeloid leukemia<<>>AML052	CAGLDSNYQLIW	0.0
20	Acute myeloid leukemia<<>>AML0693	CAVMDSSYKLIF	0.0
21	Acute myeloid leukemia<<>>AML0693	CAVLDSNYQLIW	0.0
22	Acute myeloid leukemia<<>>AML0693	CAVMDSNYQLIW	0.0
23	Acute myeloid leukemia<<>>AML0693	CAVRDSNYQLIW	0.0
24	Acute myeloid leukemia<<>>AML0693	CAGLDSNYQLIW	0.0
25	Acute myeloid leukemia<<>>AML1133	CAVMDSSYKLIF	0.0013157894736842105
26	Acute myeloid leukemia<<>>AML1133	CAVLDSNYQLIW	0.0013157894736842105
27	Acute myeloid leukemia<<>>AML1133	CAVMDSNYQLIW	0.0
28	Acute myeloid leukemia<<>>AML1133	CAVRDSNYQLIW	0.0
29	Acute myeloid leukemia<<>>AML1133	CAGLDSNYQLIW	0.0
30	Acute myeloid leukemia<<>>AML2910	CAVMDSSYKLIF	0.0
31	Acute myeloid leukemia<<>>AML2910	CAVLDSNYQLIW	0.0
32	Acute myeloid leukemia<<>>AML2910	CAVMDSNYQLIW	0.0
33	Acute myeloid leukemia<<>>AML2910	CAVRDSNYQLIW	0.001736111111111111
34	Acute myeloid leukemia<<>>AML2910	CAGLDSNYQLIW	0.001736111111111111
35	Acute myeloid leukemia<<>>AML2975	CAVMDSSYKLIF	0.0
36	Acute myeloid leukemia<<>>AML2975	CAVLDSNYQLIW	0.0
37	Acute myeloid leukemia<<>>AML2975	CAVMDSNYQLIW	0.0
38	Acute myeloid leukemia<<>>AML2975	CAVRDSNYQLIW	0.0
39	Acute myeloid leukemia<<>>AML2975	CAGLDSNYQLIW	0.0
40	Acute myeloid leukemia<<>>AML3948	CAVMDSSYKLIF	0.00024563989191844754
41	Acute myeloid leukemia<<>>AML3948	CAVLDSNYQLIW	0.0
42	Acute myeloid leukemia<<>>AML3948	CAVMDSNYQLIW	0.0
43	Acute myeloid leukemia<<>>AML3948	CAVRDSNYQLIW	0.0
44	Acute myeloid leukemia<<>>AML3948	CAGLDSNYQLIW	0.0
45	Normal<<>>Control0004	CAVMDSSYKLIF	0.0027420736932305054
46	Normal<<>>Control0004	CAVLDSNYQLIW	0.0005141388174807198
47	Normal<<>>Control0004	CAVMDSNYQLIW	0.0037132247929163096
48	Normal<<>>Control0004	CAVRDSNYQLIW	0.003141959440159954
49	Normal<<>>Control0004	CAGLDSNYQLIW	0.0
50	Normal<<>>Control0005	CAVMDSSYKLIF	0.004866180048661801
51	Normal<<>>Control0005	CAVLDSNYQLIW	0.0
52	Normal<<>>Control0005	CAVMDSNYQLIW	0.0024330900243309003
53	Normal<<>>Control0005	CAVRDSNYQLIW	0.0
54	Normal<<>>Control0005	CAGLDSNYQLIW	0.0
55	Normal<<>>Control0082	CAVMDSSYKLIF	0.0007980845969672786
56	Normal<<>>Control0082	CAVLDSNYQLIW	0.0007980845969672786
57	Normal<<>>Control0082	CAVMDSNYQLIW	0.0031923383878691143
58	Normal<<>>Control0082	CAVRDSNYQLIW	0.0007980845969672786
59	Normal<<>>Control0082	CAGLDSNYQLIW	0.0007980845969672786
60	Normal<<>>Control0182	CAVMDSSYKLIF	0.0006548788474132286
61	Normal<<>>Control0182	CAVLDSNYQLIW	0.0
62	Normal<<>>Control0182	CAVMDSNYQLIW	0.0
63	Normal<<>>Control0182	CAVRDSNYQLIW	0.0
64	Normal<<>>Control0182	CAGLDSNYQLIW	0.0006548788474132286
65	Normal<<>>Control4003	CAVMDSSYKLIF	0.0003687995574405311
66	Normal<<>>Control4003	CAVLDSNYQLIW	0.0025815969020837174
67	Normal<<>>Control4003	CAVMDSNYQLIW	0.00331919601696478
68	Normal<<>>Control4003	CAVRDSNYQLIW	0.00331919601696478
69	Normal<<>>Control4003	CAGLDSNYQLIW	0.0003687995574405311
