barcode,is_cell,contig_id,high_confidence,length,chain,v_gene,d_gene,j_gene,c_gene,full_length,productive,fwr1,fwr1_nt,cdr1,cdr1_nt,fwr2,fwr2_nt,cdr2,cdr2_nt,fwr3,fwr3_nt,cdr3,cdr3_nt,fwr4,fwr4_nt,reads,umis,raw_clonotype_id,raw_consensus_id,exact_subclonotype_id
AAACGGGCATCCAACA-1,true,AAACGGGCATCCAACA-1_contig_1,true,502,TRB,TRBV7-3,TRBD2,TRBJ2-7,TRBC2,true,true,GAGVSQTPSNKVTEKGKYVELRCDPI,GGTGCTGGAGTCTCCCAGACCCCCAGTAACAAGGTCACAGAGAAGGGAAAATATGTAGAGCTCAGGTGTGATCCAATT,SGHTA,TCAGGTCATACTGCC,LYWYRQSLGQGPEFLIY,CTTTACTGGTACCGACAAAGCCTGGGGCAGGGCCCAGAGTTTCTAATTTAC,FQGTGA,TTCCAAGGCACGGGTGCG,ADDSGLPNDRFFAVRPEGSVSTLKIQRTERGDSAVYL,GCAGATGACTCAGGGCTGCCCAACGATCGGTTCTTTGCAGTCAGGCCTGAGGGATCCGTCTCTACTCTGAAGATCCAGCGCACAGAGCGGGGGGACTCAGCCGTGTATCTC,CASSSGLAGDEQYF,TGTGCCAGCAGCTCCGGACTAGCGGGAGACGAGCAGTACTTC,GPGTRLTVT,GGGCCGGGCACCAGGCTCACGGTCACAG,38737,4,clonotype58,clonotype58_consensus_1,1
AAAGATGAGCGATAGC-1,true,AAAGATGAGCGATAGC-1_contig_1,true,469,TRB,TRBV28,,TRBJ1-1,TRBC1,true,true,DVKVTQSSRYLVKRTGEKVFLECVQD,GATGTGAAAGTAACCCAGAGCTCGAGATATCTAGTCAAAAGGACGGGAGAGAAAGTTTTTCTGGAATGTGTCCAGGAT,MDHEN,ATGGACCATGAAAAT,MFWYRQDPGLGLRLIYF,ATGTTCTGGTATCGACAAGACCCAGGTCTGGGGCTACGGCTGATCTATTTC,SYDVKM,TCATATGATGTTAAAATG,KEKGDIPEGYSVSREKKERFSLILESASTNQTSMYL,AAAGAAAAAGGAGATATTCCTGAGGGGTACAGTGTCTCTAGAGAGAAGAAGGAGCGCTTCTCCCTGATTCTGGAGTCCGCCAGCACCAACCAGACATCTATGTACCTC,CASTGTGMNTEAFF,TGTGCCAGCACCGGTACAGGGATGAACACTGAAGCTTTCTTT,GQGTRLTVV,GGACAAGGCACCAGACTCACAGTTGTAG,64426,4,clonotype40,clonotype40_consensus_1,1
AAGGAGCAGCGATTCT-1,true,AAGGAGCAGCGATTCT-1_contig_1,true,484,TRA,TRAV35,,TRAJ28,TRAC,true,true,GQQLNQSPQSMFIQEGEDVSMNCTSS,GGTCAACAGCTGAATCAGAGTCCTCAATCTATGTTTATCCAGGAAGGAGAAGATGTCTCCATGAACTGCACTTCTTCA,SIFNT,AGCATATTTAACACC,WLWYKQDPGEGPVLLIA,TGGCTATGGTACAAGCAGGACCCTGGGGAAGGTCCTGTCCTCTTGATAGCC,LYKAGEL,TTATATAAGGCTGGTGAATTG,TSNGRLTAQFGITRKDSFLNISASIPSDVGIYF,ACCTCAAATGGAAGACTGACTGCTCAGTTTGGTATAACCAGAAAGGACAGCTTCCTGAATATCTCAGCATCCATACCTAGTGATGTAGGCATCTACTTC,CAVYSGAGSYQLTF,TGTGCTGTATACTCTGGGGCTGGGAGTTACCAACTCACTTTC,GKGTKLSVIP,GGGAAGGGGACCAAACTCTCGGTCATACCAA,8432,1,clonotype8,clonotype8_consensus_2,1
AAGGAGCAGCGATTCT-1,true,AAGGAGCAGCGATTCT-1_contig_2,true,518,TRB,TRBV20-1,,TRBJ2-1,TRBC2,true,true,GAVVSQHPSWVICKSGTSVKIECRSL,GGTGCTGTCGTCTCTCAACATCCGAGCTGGGTTATCTGTAAGAGTGGAACCTCTGTGAAGATCGAGTGCCGTTCCCTG,DFQATT,GACTTTCAGGCCACAACT,MFWYRQFPKQSLMLMAT,ATGTTTTGGTATCGTCAGTTCCCGAAACAGAGTCTCATGCTGATGGCAACT,SNEGSKA,TCCAATGAGGGCTCCAAGGCC,TYEQGVEKDKFLINHASLTLSTLTVTSAHPEDSSFYI,ACATACGAGCAAGGCGTCGAGAAGGACAAGTTTCTCATCAACCATGCAAGCCTGACCTTGTCCACTCTGACAGTGACCAGTGCCCATCCTGAAGACAGCAGCTTCTACATC,CSAIRGGNNEQFF,TGCAGTGCTATTCGCGGGGGGAATAATGAGCAGTTCTTC,GPGTRLTVL,GGGCCAGGGACACGGCTCACCGTGCTAG,67342,9,clonotype8,clonotype8_consensus_1,1
ACATCAGTCGCAAACT-1,true,ACATCAGTCGCAAACT-1_contig_1,true,503,TRB,TRBV7-9,,TRBJ2-7,TRBC2,true,true,DTGVSQDPRHKITKRGQNVTFRCDPI,GATACTGGAGTCTCCCAGGACCCCAGACACAAGATCACAAAGAGGGGACAGAATGTAACTTTCAGGTGTGATCCAATT,SEHNR,TCTGAACACAACCGC,LYWYRQTLGQGPEFLTY,CTTTATTGGTACCGACAGACCCTGGGGCAGGGCCCAGAGTTTCTGACTTAC,FQNEAQ,TTCCAGAATGAAGCTCAA,LEKSRLLSDRFSAERPKGSFSTLEIQRTEQGDSAMYL,CTAGAAAAATCAAGGCTGCTCAGTGATCGGTTCTCTGCAGAGAGGCCTAAGGGATCTTTCTCCACCTTGGAGATCCAGCGCACAGAGCAGGGGGACTCGGCCATGTATCTC,CASNLHGSYEQYF,TGTGCCAGCAACTTACACGGCTCCTACGAGCAGTACTTC,GPGTRLTVT,GGGCCGGGCACCAGGCTCACGGTCACAG,51094,8,clonotype41,clonotype41_consensus_1,1
ACATGGTTCAGCGACC-1,true,ACATGGTTCAGCGACC-1_contig_1,true,535,TRB,TRBV12-5,TRBD2,TRBJ2-1,TRBC2,true,true,DARVTQTPRHKVTEMGQEVTMRCQPI,GATGCTAGAGTCACCCAGACACCAAGGCACAAGGTGACAGAGATGGGACAAGAAGTAACAATGAGATGTCAGCCAATT,LGHNT,TTAGGCCACAATACT,VFWYRQTMMQGLELLAY,GTTTTCTGGTACAGACAGACCATGATGCAAGGACTGGAGTTGCTGGCTTAC,FRNRAP,TTCCGCAACCGGGCTCCT,LDDSGMPKDRFSAEMPDATLATLKIQPSEPRDSAVYF,CTAGATGATTCGGGGATGCCGAAGGATCGATTCTCAGCAGAGATGCCTGATGCAACTTTAGCCACTCTGAAGATCCAGCCCTCAGAACCCAGGGACTCAGCTGTGTATTTT,CASGLVHGTTRFGLAGEIISYNEQFF,TGTGCTAGTGGTTTGGTACATGGAACCACTCGATTCGGACTAGCGGGGGAGATTATCTCCTACAATGAGCAGTTCTTC,GPGTRLTVL,GGGCCAGGGACACGGCTCACCGTGCTAG,15901,3,clonotype101,clonotype101_consensus_1,1
ACCAGTAAGAAACCAT-1,true,ACCAGTAAGAAACCAT-1_contig_1,true,490,TRA,TRAV10,,TRAJ10,TRAC,true,true,KNQVEQSPQSLIILEGKNCTLQCNYT,AAAAACCAAGTGGAGCAGAGTCCTCAGTCCCTGATCATCCTGGAGGGAAAGAACTGCACTCTTCAATGCAATTATACA,VSPFSN,GTGAGCCCCTTCAGCAAC,LRWYKQDTGRGPVSLTI,TTAAGGTGGTATAAGCAAGATACTGGGAGAGGTCCTGTTTCCCTGACAATC,MTFSENT,ATGACTTTCAGTGAGAACACA,KSNGRYTATLDADTKQSSLHITASQLSDSASYI,AAGTCGAACGGAAGATATACAGCAACTCTGGATGCAGACACAAAGCAAAGCTCTCTGCACATCACAGCCTCCCAGCTCAGCGATTCAGCCTCCTACATC,CVVSRRELTGGGNKLTF,TGTGTGGTGTCCAGGAGGGAACTCACGGGAGGAGGAAACAAACTCACCTTT,GTGTQLKVEL,GGGACAGGCACTCAGCTAAAAGTGGAACTCA,18207,4,clonotype97,clonotype97_consensus_1,1
ACCTTTATCAGAGCTT-1,true,ACCTTTATCAGAGCTT-1_contig_1,true,470,TRB,TRBV20-1,,TRBJ2-3,TRBC2,true,true,GAVVSQHPSWVICKSGTSVKIECRSL,GGTGCTGTCGTCTCTCAACATCCGAGCTGGGTTATCTGTAAGAGTGGAACCTCTGTGAAGATCGAGTGCCGTTCCCTG,DFQATT,GACTTTCAGGCCACAACT,MFWYRQFPKQSLMLMAT,ATGTTTTGGTATCGTCAGTTCCCGAAACAGAGTCTCATGCTGATGGCAACT,SNEGSKA,TCCAATGAGGGCTCCAAGGCC,TYEQGVEKDKFLINHASLTLSTLTVTSAHPEDSSFYI,ACATACGAGCAAGGCGTCGAGAAGGACAAGTTTCTCATCAACCATGCAAGCCTGACCTTGTCCACTCTGACAGTGACCAGTGCCCATCCTGAAGACAGCAGCTTCTACATC,CSAREPHADTQYF,TGCAGTGCTAGAGAACCCCACGCAGATACGCAGTATTTT,GPGTRLTVL,GGCCCAGGCACCCGGCTGACAGTGCTCG,64843,9,clonotype5,clonotype5_consensus_1,1
ACGAGGAAGATGGGTC-1,true,ACGAGGAAGATGGGTC-1_contig_1,true,473,TRB,TRBV28,,TRBJ2-1,TRBC2,true,true,DVKVTQSSRYLVKRTGEKVFLECVQD,GATGTGAAAGTAACCCAGAGCTCGAGATATCTAGTCAAAAGGACGGGAGAGAAAGTTTTTCTGGAATGTGTCCAGGAT,MDHEN,ATGGACCATGAAAAT,MFWYRQDPGLGLRLIYF,ATGTTCTGGTATCGACAAGACCCAGGTCTGGGGCTACGGCTGATCTATTTC,SYDVKM,TCATATGATGTTAAAATG,KEKGDIPEGYSVSREKKERFSLILESASTNQTSMYL,AAAGAAAAAGGAGATATTCCTGAGGGGTACAGTGTCTCTAGAGAGAAGAAGGAGCGCTTCTCCCTGATTCTGGAGTCCGCCAGCACCAACCAGACATCTATGTACCTC,CASSLLERVVWNEQFF,TGTGCCAGCAGTTTATTGGAGCGGGTGGTGTGGAATGAGCAGTTCTTC,GPGTRLTVL,GGGCCAGGGACACGGCTCACCGTGCTAG,51988,5,clonotype74,clonotype74_consensus_1,1
ACGATACCACTTAAGC-1,true,ACGATACCACTTAAGC-1_contig_1,true,495,TRB,TRBV20-1,,TRBJ2-1,TRBC2,true,true,GAVVSQHPSWVICKSGTSVKIECRSL,GGTGCTGTCGTCTCTCAACATCCGAGCTGGGTTATCTGTAAGAGTGGAACCTCTGTGAAGATCGAGTGCCGTTCCCTG,DFQATT,GACTTTCAGGCCACAACT,MFWYRQFPKQSLMLMAT,ATGTTTTGGTATCGTCAGTTCCCGAAACAGAGTCTCATGCTGATGGCAACT,SNEGSKA,TCCAATGAGGGCTCCAAGGCC,TYEQGVEKDKFLINHASLTLSTLTVTSAHPEDSSFYI,ACATACGAGCAAGGCGTCGAGAAGGACAAGTTTCTCATCAACCATGCAAGCCTGACCTTGTCCACTCTGACAGTGACCAGTGCCCATCCTGAAGACAGCAGCTTCTACATC,CSASGTPWNEQFF,TGCAGTGCTTCCGGGACCCCTTGGAATGAGCAGTTCTTC,GPGTRLTVL,GGGCCAGGGACACGGCTCACCGTGCTAG,63853,8,clonotype6,clonotype6_consensus_1,1
ACGATGTGTTCGTTGA-1,true,ACGATGTGTTCGTTGA-1_contig_1,true,500,TRB,TRBV20-1,,TRBJ2-5,TRBC2,true,true,GAVVSQHPSWVICKSGTSVKIECRSL,GGTGCTGTCGTCTCTCAACATCCGAGCTGGGTTATCTGTAAGAGTGGAACCTCTGTGAAGATCGAGTGCCGTTCCCTG,DFQATT,GACTTTCAGGCCACAACT,MFWYRQFPKQSLMLMAT,ATGTTTTGGTATCGTCAGTTCCCGAAACAGAGTCTCATGCTGATGGCAACT,SNEGSKA,TCCAATGAGGGCTCCAAGGCC,TYEQGVEKDKFLINHASLTLSTLTVTSAHPEDSSFYI,ACATACGAGCAAGGCGTCGAGAAGGACAAGTTTCTCATCAACCATGCAAGCCTGACCTTGTCCACTCTGACAGTGACCAGTGCCCATCCTGAAGACAGCAGCTTCTACATC,CSARGFRVSLRQETQYF,TGCAGTGCTAGAGGATTTCGCGTGTCTTTAAGACAAGAGACCCAGTACTTC,GPGTRLLVL,GGGCCAGGCACGCGGCTCCTGGTGCTCG,40218,3,clonotype64,clonotype64_consensus_1,1
ACGATGTGTTCGTTGA-1,true,ACGATGTGTTCGTTGA-1_contig_2,true,470,TRA,TRAV21,,TRAJ56,TRAC,true,true,KQEVTQIPAALSVPEGENLVLNCSFT,AAACAGGAGGTGACGCAGATTCCTGCAGCTCTGAGTGTCCCAGAAGGAGAAAACTTGGTTCTCAACTGCAGTTTCACT,DSAIYN,GATAGCGCTATTTACAAC,LQWFRQDPGKGLTSLLL,CTCCAGTGGTTTAGGCAGGACCCTGGGAAAGGTCTCACATCTCTGTTGCTT,IQSSQRE,ATTCAGTCAAGTCAGAGAGAG,QTSGRLNASLDKSSGRSTLYIAASQPGDSATYL,CAAACAAGTGGAAGACTTAATGCCTCGCTGGATAAATCATCAGGACGTAGTACTTTATACATTGCAGCTTCTCAGCCTGGTGACTCAGCCACCTACCTC,CAVLTGANSKLTF,TGTGCTGTTCTTACTGGAGCCAATAGTAAGCTGACATTT,GKGITLSVRP,GGAAAAGGAATAACTCTGAGTGTTAGACCAG,16962,1,clonotype64,clonotype64_consensus_2,1
ACGGGTCCATATGCTG-1,true,ACGGGTCCATATGCTG-1_contig_1,true,527,TRB,TRBV20-1,TRBD2,TRBJ2-5,TRBC2,true,true,GAVVSQHPSWVICKSGTSVKIECRSL,GGTGCTGTCGTCTCTCAACATCCGAGCTGGGTTATCTGTAAGAGTGGAACCTCTGTGAAGATCGAGTGCCGTTCCCTG,DFQATT,GACTTTCAGGCCACAACT,MFWYRQFPKQSLMLMAT,ATGTTTTGGTATCGTCAGTTCCCGAAACAGAGTCTCATGCTGATGGCAACT,SNEGSKA,TCCAATGAGGGCTCCAAGGCC,TYEQGVEKDKFLINHASLTLSTLTVTSAHPEDSSFYI,ACATACGAGCAAGGCGTCGAGAAGGACAAGTTTCTCATCAACCATGCAAGCCTGACCTTGTCCACTCTGACAGTGACCAGTGCCCATCCTGAAGACAGCAGCTTCTACATC,CSAVTSGRAWGKTQYF,TGCAGTGCTGTGACTAGCGGGAGGGCCTGGGGGAAGACCCAGTACTTC,GPGTRLLVL,GGGCCAGGCACGCGGCTCCTGGTGCTCG,70664,5,clonotype36,clonotype36_consensus_1,1
ACTATCTTCCTCGCAT-1,true,ACTATCTTCCTCGCAT-1_contig_1,true,510,TRA,TRAV6,,TRAJ18,TRAC,true,true,SQKIEQNSEALNIQEGKTATLTCNYT,AGCCAAAAGATAGAACAGAATTCCGAGGCCCTGAACATTCAGGAGGGTAAAACGGCCACCCTGACCTGCAACTATACA,NYSPAY,AACTATTCTCCAGCATAC,LQWYRQDPGRGPVFLLL,TTACAGTGGTACCGACAAGATCCAGGAAGAGGCCCTGTTTTCTTGCTACTC,IRENEKE,ATACGTGAAAATGAGAAAGAA,KRKERLKVTFDTTLKQSLFHITASQPADSATYL,AAAAGGAAAGAAAGACTGAAGGTCACCTTTGATACCACCCTTAAACAGAGTTTGTTTCATATCACAGCCTCCCAGCCTGCAGACTCAGCTACCTACCTC,CAPADRGSTLGRLYF,TGTGCTCCGGCCGACAGAGGCTCAACCCTGGGGAGGCTATACTTT,GRGTQLTVWP,GGAAGAGGAACTCAGTTGACTGTCTGGCCTG,222,3,clonotype70,clonotype70_consensus_2,1
ACTATCTTCCTCGCAT-1,true,ACTATCTTCCTCGCAT-1_contig_2,true,475,TRB,TRBV2,TRBD1,TRBJ2-1,TRBC2,true,true,EPEVTQTPSHQVTQMGQEVILRCVPI,GAACCTGAAGTCACCCAGACTCCCAGCCATCAGGTCACACAGATGGGACAGGAAGTGATCTTGCGCTGTGTCCCCATC,SNHLY,TCTAATCACTTATAC,FYWYRQILGQKVEFLVS,TTCTATTGGTACAGACAAATCTTGGGGCAGAAAGTCGAGTTTCTGGTTTCC,FYNNEI,TTTTATAATAATGAAATC,SEKSEIFDDQFSVERPDGSNFTLKIRSTKLEDSAMYF,TCAGAGAAGTCTGAAATATTCGATGATCAATTCTCAGTTGAAAGGCCTGATGGATCAAATTTCACTCTGAAGATCCGGTCCACAAAGCTGGAGGACTCAGCCATGTACTTC,CASSESTGGFEQFF,TGTGCCAGCAGTGAATCGACAGGGGGCTTTGAGCAGTTCTTC,GPGTRLTVL,GGGCCAGGGACACGGCTCACCGTGCTAG,55611,7,clonotype70,clonotype70_consensus_1,1
ACTGCTCCAGTCACTA-1,true,ACTGCTCCAGTCACTA-1_contig_1,true,490,TRB,TRBV5-6,,TRBJ2-7,TRBC2,true,true,DAGVTQSPTHLIKTRGQQVTLRCSPK,GACGCTGGAGTCACCCAAAGTCCCACACACCTGATCAAAACGAGAGGACAGCAAGTGACTCTGAGATGCTCTCCTAAG,SGHDT,TCTGGGCATGACACT,VSWYQQALGQGPQFIFQ,GTGTCCTGGTACCAACAGGCCCTGGGTCAGGGGCCCCAGTTTATCTTTCAG,YYEEEE,TATTATGAGGAGGAAGAG,RQRGNFPDRFSGHQFPNYSSELNVNALLLGDSALYL,AGACAGAGAGGCAACTTCCCTGATCGATTCTCAGGTCACCAGTTCCCTAACTATAGCTCTGAGCTGAATGTGAACGCCTTGTTGCTGGGGGACTCGGCCCTCTATCTC,CASSLGGGTYEQYF,TGTGCCAGCAGCTTGGGCGGGGGAACCTACGAGCAGTACTTC,GPGTRLTVT,GGGCCGGGCACCAGGCTCACGGTCACAG,35323,2,clonotype44,clonotype44_consensus_1,1
ACTTGTTCATCTGGTA-1,true,ACTTGTTCATCTGGTA-1_contig_1,true,482,TRB,TRBV28,,TRBJ2-1,TRBC2,true,true,DVKVTQSSRYLVKRTGEKVFLECVQD,GATGTGAAAGTAACCCAGAGCTCGAGATATCTAGTCAAAAGGACGGGAGAGAAAGTTTTTCTGGAATGTGTCCAGGAT,MDHEN,ATGGACCATGAAAAT,MFWYRQDPGLGLRLIYF,ATGTTCTGGTATCGACAAGACCCAGGTCTGGGGCTACGGCTGATCTATTTC,SYDVKM,TCATATGATGTTAAAATG,KEKGDIPEGYSVSREKKERFSLILESASTNQTSMYL,AAAGAAAAAGGAGATATTCCTGAGGGGTACAGTGTCTCTAGAGAGAAGAAGGAGCGCTTCTCCCTGATTCTGGAGTCCGCCAGCACCAACCAGACATCTATGTACCTC,CASAQGAGSGKNEQFF,TGTGCCAGCGCTCAAGGTGCCGGAAGCGGGAAGAATGAGCAGTTCTTC,GPGTRLTVL,GGGCCAGGGACACGGCTCACCGTGCTAG,72190,8,clonotype76,clonotype76_consensus_1,1
AGAGTGGAGGCAAAGA-1,true,AGAGTGGAGGCAAAGA-1_contig_1,true,489,TRB,TRBV28,,TRBJ2-1,TRBC2,true,true,DVKVTQSSRYLVKRTGEKVFLECVQD,GATGTGAAAGTAACCCAGAGCTCGAGATATCTAGTCAAAAGGACGGGAGAGAAAGTTTTTCTGGAATGTGTCCAGGAT,MDHEN,ATGGACCATGAAAAT,MFWYRQDPGLGLRLIYF,ATGTTCTGGTATCGACAAGACCCAGGTCTGGGGCTACGGCTGATCTATTTC,SYDVKM,TCATATGATGTTAAAATG,KEKGDIPEGYSVSREKKERFSLILESASTNQTSMYL,AAAGAAAAAGGAGATATTCCTGAGGGGTACAGTGTCTCTAGAGAGAAGAAGGAGCGCTTCTCCCTGATTCTGGAGTCCGCCAGCACCAACCAGACATCTATGTACCTC,CASSFSTEQFF,TGTGCCAGCAGTTTTTCCACTGAGCAGTTCTTC,GPGTRLTVL,GGGCCAGGGACACGGCTCACCGTGCTAG,61444,6,clonotype7,clonotype7_consensus_1,1
AGCATACAGGACAGCT-1,true,AGCATACAGGACAGCT-1_contig_1,true,489,TRA,TRAV38-2/DV8,,TRAJ26,TRAC,true,true,AQTVTQSQPEMSVQEAETVTLSCTYD,GCTCAGACAGTCACTCAGTCTCAACCAGAGATGTCTGTGCAGGAGGCAGAGACCGTGACCCTGAGCTGCACATATGAC,TSESDYY,ACCAGTGAGAGTGATTATTAT,LFWYKQPPSRQMILVIR,TTATTCTGGTACAAGCAGCCTCCCAGCAGGCAGATGATTCTCGTTATTCGC,QEAYKQQN,CAAGAAGCTTATAAGCAACAGAAT,ATENRFSVNFQKAAKSFSLKISDSQLGDAAMYF,GCAACAGAGAATCGTTTCTCTGTGAACTTCCAGAAAGCAGCCAAATCCTTCAGTCTCAAGATCTCAGACTCACAGCTGGGGGATGCCGCGATGTATTTC,CAYRRKNYGQNFVF,TGTGCTTATAGGAGGAAGAACTATGGTCAGAATTTTGTCTTT,GPGTRLSVLP,GGTCCCGGAACCAGATTGTCCGTGCTGCCCT,19685,3,clonotype91,clonotype91_consensus_2,1
AGCATACAGGACAGCT-1,true,AGCATACAGGACAGCT-1_contig_2,true,508,TRB,TRBV5-1,,TRBJ2-7,TRBC2,true,true,KAGVTQTPRYLIKTRGQQVTLSCSPI,AAGGCTGGAGTCACTCAAACTCCAAGATATCTGATCAAAACGAGAGGACAGCAAGTGACACTGAGCTGCTCCCCTATC,SGHRS,TCTGGGCATAGGAGT,VSWYQQTPGQGLQFLFE,GTATCCTGGTACCAACAGACCCCAGGACAGGGCCTTCAGTTCCTCTTTGAA,YFSETQ,TACTTCAGTGAGACACAG,RNKGNFPGRFSGRQFSNSRSEMNVSTLELGDSALYL,AGAAACAAAGGAAACTTCCCTGGTCGATTCTCAGGGCGCCAGTTCTCTAACTCTCGCTCTGAGATGAATGTGAGCACCTTGGAGCTGGGGGACTCGGCCCTTTATCTT,CASSLGEGGWFLYEQYF,TGCGCCAGCAGCTTGGGGGAGGGGGGCTGGTTCTTGTACGAGCAGTACTTC,GPGTRLTVT,GGGCCGGGCACCAGGCTCACGGTCACAG,13013,1,clonotype91,clonotype91_consensus_1,1
AGCCTAATCTCGTTTA-1,true,AGCCTAATCTCGTTTA-1_contig_1,true,541,TRA,TRAV12-2,,TRAJ17,TRAC,true,true,QKEVEQNSGPLSVPEGAIASLNCTYS,CAGAAGGAGGTGGAGCAGAATTCTGGACCCCTCAGTGTTCCAGAGGGAGCCATTGCCTCTCTCAACTGCACTTACAGT,DRVSQS,GACCGAGTTTCCCAGTCC,FFWYRQYSGKSPELIMS,TTCTTCTGGTACAGACAATATTCTGGGAAAAGCCCTGAGTTGATAATGTCC,IYSNGD,ATATACTCCAATGGTGAC,KEDGRFTAQLNKASQYVSLLIRDSQPSDSATYL,AAAGAAGATGGAAGGTTTACAGCACAGCTCAATAAAGCCAGCCAGTATGTTTCTCTGCTCATCAGAGACTCCCAGCCCAGTGATTCAGCCACCTACCTC,CAVRAAGNKLTF,TGTGCCGTGAGGGCTGCAGGCAACAAGCTAACTTTT,GGGTRVLVKP,GGAGGAGGAACCAGGGTGCTAGTTAAACCAA,14614,8,clonotype9,clonotype9_consensus_2,1
AGCCTAATCTCGTTTA-1,true,AGCCTAATCTCGTTTA-1_contig_2,true,518,TRB,TRBV20-1,TRBD1,TRBJ1-6,TRBC1,true,true,GAVVSQHPSWVICKSGTSVKIECRSL,GGTGCTGTCGTCTCTCAACATCCGAGCTGGGTTATCTGTAAGAGTGGAACCTCTGTGAAGATCGAGTGCCGTTCCCTG,DFQATT,GACTTTCAGGCCACAACT,MFWYRQFPKQSLMLMAT,ATGTTTTGGTATCGTCAGTTCCCGAAACAGAGTCTCATGCTGATGGCAACT,SNEGSKA,TCCAATGAGGGCTCCAAGGCC,TYEQGVEKDKFLINHASLTLSTLTVTSAHPEDSSFYI,ACATACGAGCAAGGCGTCGAGAAGGACAAGTTTCTCATCAACCATGCAAGCCTGACCTTGTCCACTCTGACAGTGACCAGTGCCCATCCTGAAGACAGCAGCTTCTACATC,CSARPGADSPLHF,TGCAGTGCGAGGCCGGGGGCGGATTCACCCCTCCACTTT,GNGTRLTVT,GGGAATGGGACCAGGCTCACTGTGACAG,56670,30,clonotype9,clonotype9_consensus_1,1
AGCTCCTTCACATGCA-1,true,AGCTCCTTCACATGCA-1_contig_1,true,509,TRB,TRBV6-1,,TRBJ1-2,TRBC1,true,true,NAGVTQTPKFQVLKTGQSMTLQCAQD,AATGCTGGTGTCACTCAGACCCCAAAATTCCAGGTCCTGAAGACAGGACAGAGCATGACACTGCAGTGTGCCCAGGAT,MNHNS,ATGAACCATAACTCC,MYWYRQDPGMGLRLIYY,ATGTACTGGTATCGACAAGACCCAGGCATGGGACTGAGGCTGATTTATTAC,SASEGT,TCAGCTTCTGAGGGTACC,TDKGEVPNGYNVSRLNKREFSLRLESAAPSQTSVYF,ACTGACAAAGGAGAAGTCCCCAATGGCTACAATGTCTCCAGATTAAACAAACGGGAGTTCTCGCTCAGGCTGGAGTCGGCTGCTCCCTCCCAGACATCTGTGTACTTC,CASSERVSRNYGYTF,TGTGCCAGCAGTGAAAGAGTATCGAGGAACTATGGCTACACCTTC,GSGTRLTVV,GGTTCGGGGACCAGGTTAACCGTTGTAG,37968,8,clonotype62,clonotype62_consensus_1,1
AGCTCCTTCACATGCA-1,true,AGCTCCTTCACATGCA-1_contig_2,true,515,TRA,TRAV27,,TRAJ57,TRAC,true,true,TQLLEQSPQFLSIQEGENLTVYCNSS,ACCCAGCTGCTGGAGCAGAGCCCTCAGTTTCTAAGCATCCAAGAGGGAGAAAATCTCACTGTGTACTGCAACTCCTCA,SVFSS,AGTGTTTTTTCCAGC,LQWYRQEPGEGPVLLVT,TTACAATGGTACAGACAGGAGCCTGGGGAAGGTCCTGTCCTCCTGGTGACA,VVTGGEV,GTAGTTACGGGTGGAGAAGTG,KKLKRLTFQFGDARKDSSLPITAAQPGDTGLYL,AAGAAGCTGAAGAGACTAACCTTTCAGTTTGGTGATGCAAGAAAGGACAGTTCTCTCCCCATCACTGCGGCCCAGCCTGGTGATACAGGCCTCTACCTC,CAGDPGGSEKLVF,TGTGCAGGAGATCCAGGCGGATCTGAAAAGCTGGTCTTT,GKGTKLTVNP,GGAAAGGGAACGAAACTGACAGTAAACCCAT,115,12,clonotype62,clonotype62_consensus_2,1
AGGCCACTCGTCGTTC-1,true,AGGCCACTCGTCGTTC-1_contig_1,true,534,TRB,TRBV7-9,TRBD1,TRBJ2-2,TRBC2,true,true,DTGVSQDPRHKITKRGQNVTFRCDPI,GATACTGGAGTCTCCCAGGACCCCAGACACAAGATCACAAAGAGGGGACAGAATGTAACTTTCAGGTGTGATCCAATT,SEHNR,TCTGAACACAACCGC,LYWYRQTLGQGPEFLTY,CTTTATTGGTACCGACAGACCCTGGGGCAGGGCCCAGAGTTTCTGACTTAC,FQNEAQ,TTCCAGAATGAAGCTCAA,LEKSRLLSDRFSAERPKGSFSTLEIQRTEQGDSAMYL,CTAGAAAAATCAAGGCTGCTCAGTGATCGGTTCTCTGCAGAGAGGCCTAAGGGATCTTTCTCCACCTTGGAGATCCAGCGCACAGAGCAGGGGGACTCGGCCATGTATCTC,CASRLGQGSTGELFF,TGTGCCAGCAGATTAGGACAGGGATCCACCGGGGAGCTGTTTTTT,GEGSRLTVL,GGAGAAGGCTCTAGGCTGACCGTACTGG,76275,12,clonotype77,clonotype77_consensus_1,1
AGGGAGTTCCCTCTTT-1,true,AGGGAGTTCCCTCTTT-1_contig_1,true,468,TRA,TRAV13-1,,TRAJ35,TRAC,true,true,GENVEQHPSTLSVQEGDSAVIKCTYS,GGAGAGAATGTGGAGCAGCATCCTTCAACCCTGAGTGTCCAGGAGGGAGACAGCGCTGTTATCAAGTGTACTTATTCA,DSASNY,GACAGTGCCTCAAACTAC,FPWYKQELGKRPQLIID,TTCCCTTGGTATAAGCAAGAACTTGGAAAAAGACCTCAGCTTATTATAGAC,IRSNVGE,ATTCGTTCAAATGTGGGCGAA,KKDQRIAVTLNKTAKHFSLHITETQPEDSAVYF,AAGAAAGACCAACGAATTGCTGTTACATTGAACAAGACAGCCAAACATTTCTCCCTGCACATCACAGAGACCCAACCTGAAGACTCGGCTGTCTACTTC,CAAADCKIGFGNVLHC,TGTGCAGCGGCCGATTGCAAGATAGGCTTTGGGAATGTGCTGCATTGC,GSGTQVIVLP,GGGTCCGGCACTCAAGTGATTGTTTTACCAC,3032,3,clonotype30,clonotype30_consensus_2,1
AGGGAGTTCCCTCTTT-1,true,AGGGAGTTCCCTCTTT-1_contig_2,true,533,TRB,TRBV7-9,,TRBJ1-5,TRBC1,true,true,DTGVSQDPRHRITKRGQNVTFRCDPI,GATACTGGAGTCTCCCAGGACCCCAGACACAGGATCACAAAGAGGGGACAGAATGTAACTTTCAGGTGTGATCCAATT,SEHNR,TCTGAACACAACCGC,LYWYRQTLGQGPEFLTY,CTTTATTGGTACCGACAGACCCTGGGGCAGGGCCCAGAGTTTCTGACTTAC,FQNEAQ,TTCCAGAATGAAGCTCAA,LEKSRLLSDRFSAERPKGSFSTLEIQRTEQGDSAMYL,CTAGAAAAATCAAGGCTGCTCAGTGATCGGTTCTCTGCAGAGAGGCCTAAGGGATCTTTCTCCACCTTGGAGATCCAGCGCACAGAGCAGGGGGACTCGGCCATGTATCTC,CASGRGNQPQHF,TGTGCCAGCGGGCGAGGCAATCAGCCCCAGCATTTT,GDGTRLSIL,GGTGATGGGACTCGACTCTCCATCCTAG,21577,2,clonotype30,clonotype30_consensus_1,1
AGTAGTCCATGTAAGA-1,true,AGTAGTCCATGTAAGA-1_contig_1,true,507,TRB,TRBV5-1,,TRBJ2-5,TRBC2,true,true,KAGVTQTPRYLIKTRGQQVTLSCSPI,AAGGCTGGAGTCACTCAAACTCCAAGATATCTGATCAAAACGAGAGGACAGCAAGTGACACTGAGCTGCTCCCCTATC,SGHRS,TCTGGGCATAGGAGT,VSWYQQTPGQGLQFLFE,GTATCCTGGTACCAACAGACCCCAGGACAGGGCCTTCAGTTCCTCTTTGAA,YFSETQ,TACTTCAGTGAGACACAG,RNKGNFPGRFSGRQFSNSRSEMNVSTLELGDSALYL,AGAAACAAAGGAAACTTCCCTGGTCGATTCTCAGGGCGCCAGTTCTCTAACTCTCGCTCTGAGATGAATGTGAGCACCTTGGAGCTGGGGGACTCGGCCCTTTATCTT,CASSRSDQETQYF,TGCGCCAGCAGCAGGTCAGACCAAGAGACCCAGTACTTC,GPGTRLLVL,GGGCCAGGCACGCGGCTCCTGGTGCTCG,59799,6,clonotype21,clonotype21_consensus_1,1
AGTTGGTAGAGCTTCT-1,true,AGTTGGTAGAGCTTCT-1_contig_1,true,503,TRB,TRBV6-5,,TRBJ1-6,TRBC1,true,true,NAGVTQTPKFQVLKTGQSMTLQCAQD,AATGCTGGTGTCACTCAGACCCCAAAATTCCAGGTCCTGAAGACAGGACAGAGCATGACACTGCAGTGTGCCCAGGAT,MNHEY,ATGAACCATGAATAC,MSWYRQDPGMGLRLIHY,ATGTCCTGGTATCGACAAGACCCAGGCATGGGGCTGAGGCTGATTCATTAC,SVGAGI,TCAGTTGGTGCTGGTATC,TDQGEVPNGYNVSRSTTEDFPLRLLSAAPSQTSVYF,ACTGACCAAGGAGAAGTCCCCAATGGCTACAATGTCTCCAGATCAACCACAGAGGATTTCCCGCTCAGGCTGCTGTCGGCTGCTCCCTCCCAGACATCTGTGTACTTC,CASSYSGKLNSPLHF,TGTGCCAGCAGTTACTCCGGGAAACTTAATTCACCCCTCCACTTT,GNGTRLTVT,GGGAATGGGACCAGGCTCACTGTGACAG,19478,2,clonotype50,clonotype50_consensus_1,1
ATAGACCAGATGTCGG-1,true,ATAGACCAGATGTCGG-1_contig_1,true,479,TRB,TRBV9,,TRBJ1-2,TRBC1,true,true,DSGVTQTPKHLITATGQRVTLRCSPR,GATTCTGGAGTCACACAAACCCCAAAGCACCTGATCACAGCAACTGGACAGCGAGTGACGCTGAGATGCTCCCCTAGG,SGDLS,TCTGGAGACCTCTCT,VYWYQQSLDQGLQFLIQ,GTGTACTGGTACCAACAGAGCCTGGACCAGGGCCTCCAGTTCCTCATTCAG,YYNGEE,TATTATAATGGAGAAGAG,RAKGNILERFSAQQFPDLHSELNLSSLELGDSALYF,AGAGCAAAAGGAAACATTCTTGAACGATTCTCCGCACAACAGTTCCCTGACTTGCACTCTGAACTAAACCTGAGCTCTCTGGAGCTGGGGGACTCAGCTTTGTATTTC,CASSNTPGQLNYGYTF,TGTGCCAGCAGCAACACCCCGGGACAGCTGAACTATGGCTACACCTTC,GSGTRLTVV,GGTTCGGGGACCAGGTTAACCGTTGTAG,55890,10,clonotype84,clonotype84_consensus_1,1
ATAGACCAGATGTCGG-1,true,ATAGACCAGATGTCGG-1_contig_2,true,471,TRA,TRAV38-1,,TRAJ36,TRAC,true,true,AQTVTQSQPEMSVQEAETVTLSCTYD,GCCCAGACAGTCACTCAGTCTCAACCAGAGATGTCTGTGCAGGAGGCAGAGACTGTGACCCTGAGTTGCACATATGAC,TSESNYY,ACCAGTGAGAGTAATTATTAT,LFWYKQPPSRQMILVIR,TTGTTCTGGTACAAACAGCCTCCCAGCAGGCAGATGATTCTCGTTATTCGC,QEAYKQQN,CAAGAAGCTTATAAGCAACAGAAT,ATENRFSVNFQKAAKSFSLKISDSQLGDTAMYF,GCAACGGAGAATCGTTTCTCTGTGAACTTCCAGAAAGCAGCCAAATCCTTCAGTCTCAAGATCTCAGACTCACAGCTGGGGGACACTGCGATGTATTTC,CALQTGANNLFF,TGTGCTTTACAAACTGGGGCAAACAACCTCTTCTTT,GTGTRLTVIP,GGGACTGGAACGAGACTCACCGTTATTCCCT,2416,2,clonotype84,clonotype84_consensus_2,1
ATGAGGGTCACGCATA-1,true,ATGAGGGTCACGCATA-1_contig_1,true,482,TRB,TRBV12-5,,TRBJ1-2,TRBC1,true,true,DARVTQTPRHKVTEMGQEVTMRCQPI,GATGCTAGAGTCACCCAGACACCAAGGCACAAGGTGACAGAGATGGGACAAGAAGTAACAATGAGATGTCAGCCAATT,LGHNT,TTAGGCCACAATACT,VFWYRQTMMQGLELLAY,GTTTTCTGGTACAGACAGACCATGATGCAAGGACTGGAGTTGCTGGCTTAC,FRNRAP,TTCCGCAACCGGGCTCCT,LDDSGMPKDRFSAEMPDATLATLKIQPSEPRDSAVYF,CTAGATGATTCGGGGATGCCGAAGGATCGATTCTCAGCAGAGATGCCTGATGCAACTTTAGCCACTCTGAAGATCCAGCCCTCAGAACCCAGGGACTCAGCTGTGTATTTT,CASGEGYTF,TGTGCTAGTGGGGAAGGCTACACCTTC,GSGTRLTVV,GGTTCGGGGACCAGGTTAACCGTTGTAG,32117,5,clonotype4,clonotype4_consensus_1,1
ATGGGAGTCATCGATG-1,true,ATGGGAGTCATCGATG-1_contig_1,true,511,TRB,TRBV7-2,,TRBJ2-7,TRBC2,true,true,GAGVSQSPSNKVTEKGKDVELRCDPI,GGAGCTGGAGTCTCCCAGTCCCCCAGTAACAAGGTCACAGAGAAGGGAAAGGATGTAGAGCTCAGGTGTGATCCAATT,SGHTA,TCAGGTCATACTGCC,LYWYRQRLGQGLEFLIY,CTTTACTGGTACCGACAGAGGCTGGGGCAGGGCCTGGAGTTTTTAATTTAC,FQGNSA,TTCCAAGGCAACAGTGCA,PDKSGLPSDRFSAERTGESVSTLTIQRTQQEDSAVYL,CCAGACAAATCAGGGCTGCCCAGTGATCGCTTCTCTGCAGAGAGGACTGGGGAATCCGTCTCCACTCTGACGATCCAGCGCACACAGCAGGAGGACTCGGCCGTGTATCTC,CASSPATVAGQHSYEQYF,TGTGCCAGCAGCCCGGCAACAGTAGCGGGACAGCACTCCTACGAGCAGTACTTC,GPGTRLTVT,GGGCCGGGCACCAGGCTCACGGTCACAG,23149,4,clonotype98,clonotype98_consensus_1,1
CAACTAGAGTCTCGGC-1,true,CAACTAGAGTCTCGGC-1_contig_1,true,477,TRB,TRBV29-1,,TRBJ2-1,TRBC2,true,true,SAVISQKPSRDICQRGTSLTIQCQVD,AGTGCTGTCATCTCTCAAAAGCCAAGCAGGGATATCTGTCAACGTGGAACCTCCCTGACGATCCAGTGTCAAGTCGAT,SQVTM,AGCCAAGTCACCATG,MFWYRQQPGQSLTLIAT,ATGTTCTGGTACCGTCAGCAACCTGGACAGAGCCTGACACTGATCGCAACT,ANQGSEA,GCAAATCAGGGCTCTGAGGCC,TYESGFVIDKFPISRPNLTFSTLTVSNMSPEDSSIYL,ACATATGAGAGTGGATTTGTCATTGACAAGTTTCCCATCAGCCGCCCAAACCTAACATTCTCAACTCTGACTGTGAGCAACATGAGCCCTGAAGACAGCAGCATATATCTC,CSSSRGSGSRYEQFF,TGCAGCTCGTCGCGTGGTAGCGGGAGTAGATATGAGCAGTTCTTC,GPGTRLTVL,GGGCCAGGGACACGGCTCACCGTGCTAG,26780,4,clonotype14,clonotype14_consensus_1,1
CAGCAGCCAAGTTCTG-1,true,CAGCAGCCAAGTTCTG-1_contig_1,true,520,TRB,TRBV7-9,,TRBJ1-1,TRBC1,true,true,DTGVSQDPRHKITKRGQNVTFRCDPI,GATACTGGAGTCTCCCAGGACCCCAGACACAAGATCACAAAGAGGGGACAGAATGTAACTTTCAGGTGTGATCCAATT,SEHNR,TCTGAACACAACCGC,LYWYRQTLGQGPEFLTY,CTTTATTGGTACCGACAGACCCTGGGGCAGGGCCCAGAGTTTCTGACTTAC,FQNEAQ,TTCCAGAATGAAGCTCAA,LEKSRLLSDRFSAERPKGSFSTLEIQRTEQGDSAMYL,CTAGAAAAATCAAGGCTGCTCAGTGATCGGTTCTCTGCAGAGAGGCCTAAGGGATCTTTCTCCACCTTGGAGATCCAGCGCACAGAGCAGGGGGACTCGGCCATGTATCTC,CASSLDGSNTEAFF,TGTGCCAGCAGCTTGGACGGTTCGAACACTGAAGCTTTCTTT,GQGTRLTVV,GGACAAGGCACCAGACTCACAGTTGTAG,30422,3,clonotype67,clonotype67_consensus_1,1
CAGCAGCCAAGTTCTG-1,true,CAGCAGCCAAGTTCTG-1_contig_2,true,526,TRA,TRAV14/DV4,,TRAJ34,TRAC,true,true,AQKITQTQPGMFVQEKEAVTLDCTYD,GCCCAGAAGATAACTCAAACCCAACCAGGAATGTTCGTGCAGGAAAAGGAGGCTGTGACTCTGGACTGCACATATGAC,TSDPSYG,ACCAGTGATCCAAGTTATGGT,LFWYKQPSSGEMIFLIY,CTATTCTGGTACAAGCAGCCCAGCAGTGGGGAAATGATTTTTCTTATTTAT,QGSYDQQN,CAGGGGTCTTATGACCAGCAAAAT,ATEGRYSLNFQKARKSANLVISASQLGDSAMYF,GCAACAGAAGGTCGCTACTCATTGAATTTCCAGAAGGCAAGAAAATCCGCCAACCTTGTCATCTCCGCTTCACAACTGGGGGACTCAGCAATGTATTTC,CAMREPFYNTDKLIF,TGTGCAATGAGAGAGCCTTTCTATAACACCGACAAGCTCATCTTT,GTGTRLQVFP,GGGACTGGGACCAGATTACAAGTCTTTCCAA,1705,1,clonotype67,clonotype67_consensus_2,1
CAGCATATCGAACTGT-1,true,CAGCATATCGAACTGT-1_contig_1,true,504,TRB,TRBV20-1,,TRBJ2-4,TRBC2,true,true,GAVVSQHPSWVICKSGTSVKIECRSL,GGTGCTGTCGTCTCTCAACATCCGAGCTGGGTTATCTGTAAGAGTGGAACCTCTGTGAAGATCGAGTGCCGTTCCCTG,DFQATT,GACTTTCAGGCCACAACT,MFWYRQFPKQSLMLMAT,ATGTTTTGGTATCGTCAGTTCCCGAAACAGAGTCTCATGCTGATGGCAACT,SNEGSKA,TCCAATGAGGGCTCCAAGGCC,TYEQGVEKDKFLINHASLTLSTLTVTSAHPEDSSFYI,ACATACGAGCAAGGCGTCGAGAAGGACAAGTTTCTCATCAACCATGCAAGCCTGACCTTGTCCACTCTGACAGTGACCAGTGCCCATCCTGAAGACAGCAGCTTCTACATC,CSARGSGLASRNIQYF,TGCAGTGCTAGAGGAAGTGGACTAGCCTCTAGGAACATTCAGTACTTC,GAGTRLSVL,GGCGCCGGGACCCGGCTCTCAGTGCTGG,66941,6,clonotype35,clonotype35_consensus_1,1
CAGCTAATCAACCAAC-1,true,CAGCTAATCAACCAAC-1_contig_1,true,515,TRB,TRBV20-1,,TRBJ2-3,TRBC2,true,true,GAVVSQHPSWVICKSGTSVKIECRSL,GGTGCTGTCGTCTCTCAACATCCGAGCTGGGTTATCTGTAAGAGTGGAACCTCTGTGAAGATCGAGTGCCGTTCCCTG,DFQATT,GACTTTCAGGCCACAACT,MFWYRQFPKQSLMLMAT,ATGTTTTGGTATCGTCAGTTCCCGAAACAGAGTCTCATGCTGATGGCAACT,SNEGSKA,TCCAATGAGGGCTCCAAGGCC,TYEQGVEKDKFLINHASLTLSTLTVTSAHPEDSSFYI,ACATACGAGCAAGGCGTCGAGAAGGACAAGTTTCTCATCAACCATGCAAGCCTGACCTTGTCCACTCTGACAGTGACCAGTGCCCATCCTGAAGACAGCAGCTTCTACATC,CSAALAGDTQYF,TGCAGTGCCGCTCTAGCGGGAGATACGCAGTATTTT,GPGTRLTVL,GGCCCAGGCACCCGGCTGACAGTGCTCG,29086,4,clonotype3,clonotype3_consensus_1,1
CAGTAACGTACCGCTG-1,true,CAGTAACGTACCGCTG-1_contig_1,true,489,TRB,TRBV20-1,,TRBJ2-5,TRBC2,true,true,GAVVSQHPSWVICKSGTSVKIECRSL,GGTGCTGTCGTCTCTCAACATCCGAGCTGGGTTATCTGTAAGAGTGGAACCTCTGTGAAGATCGAGTGCCGTTCCCTG,DFQATT,GACTTTCAGGCCACAACT,MFWYRQFPKQSLMLMAT,ATGTTTTGGTATCGTCAGTTCCCGAAACAGAGTCTCATGCTGATGGCAACT,SNEGSKA,TCCAATGAGGGCTCCAAGGCC,TYEQGVEKDKFLINHASLTLSTLTVTSAHPEDSSFYI,ACATACGAGCAAGGCGTCGAGAAGGACAAGTTTCTCATCAACCATGCAAGCCTGACCTTGTCCACTCTGACAGTGACCAGTGCCCATCCTGAAGACAGCAGCTTCTACATC,CSPSEPQQEYF,TGCAGCCCCAGCGAGCCGCAACAAGAGTACTTC,GPGTRLLVL,GGGCCAGGCACGCGGCTCCTGGTGCTCG,40904,3,clonotype2,clonotype2_consensus_1,1
CATCCACAGTTGCAGG-1,true,CATCCACAGTTGCAGG-1_contig_1,true,511,TRB,TRBV11-2,,TRBJ2-7,TRBC2,true,true,EAGVAQSPRYKIIEKRQSVAFWCNPI,GAAGCTGGAGTTGCCCAGTCTCCCAGATATAAGATTATAGAGAAAAGGCAGAGTGTGGCTTTTTGGTGCAATCCTATA,SGHAT,TCTGGCCATGCTACC,LYWYQQILGQGPKLLIQ,CTTTACTGGTACCAGCAGATCCTGGGACAGGGCCCAAAGCTTCTGATTCAG,FQNNGV,TTTCAGAATAACGGTGTA,VDDSQLPKDRFSAERLKGVDSTLKIQPAKLEDSAVYL,GTGGATGATTCACAGTTGCCTAAGGATCGATTTTCTGCAGAGAGGCTCAAAGGAGTAGACTCCACTCTCAAGATCCAGCCTGCAAAGCTTGAGGACTCGGCCGTGTATCTC,CASSHGQPYEQYF,TGTGCCAGCAGCCACGGACAGCCCTACGAGCAGTACTTC,GPGTRLTVT,GGGCCGGGCACCAGGCTCACGGTCACAG,47606,3,clonotype43,clonotype43_consensus_1,1
CCCAATCCAATCGGTT-1,true,CCCAATCCAATCGGTT-1_contig_1,true,553,TRB,TRBV7-9,,TRBJ2-2,TRBC2,true,true,DTGVSQDPRHKITKRGQNVTFRCDPI,GATACTGGAGTCTCCCAGGACCCCAGACACAAGATCACAAAGAGGGGACAGAATGTAACTTTCAGGTGTGATCCAATT,SEHNR,TCTGAACACAACCGC,LYWYRQTLGQGPEFLTY,CTTTATTGGTACCGACAGACCCTGGGGCAGGGCCCAGAGTTTCTGACTTAC,FQNEAQ,TTCCAGAATGAAGCTCAA,LEKSRLLSDRFSAERPKGSFSTLEIQRTEQGDSAMYL,CTAGAAAAATCAAGGCTGCTCAGTGATCGGTTCTCTGCAGAGAGGCCTAAGGGATCTTTCTCCACCTTGGAGATCCAGCGCACAGAGCAGGGGGACTCGGCCATGTATCTC,CASTSGSSTGELFF,TGTGCCAGCACTAGCGGGAGCTCGACCGGGGAGCTGTTTTTT,GEGSRLTVL,GGAGAAGGCTCTAGGCTGACCGTACTGG,44397,4,clonotype57,clonotype57_consensus_1,1
CCGTTCAGTATAGGGC-1,true,CCGTTCAGTATAGGGC-1_contig_1,true,478,TRB,TRBV28,TRBD2,TRBJ2-2,TRBC2,true,true,DVKVTQSSRYLVKRTGEKVFLECVQD,GATGTGAAAGTAACCCAGAGCTCGAGATATCTAGTCAAAAGGACGGGAGAGAAAGTTTTTCTGGAATGTGTCCAGGAT,MDHEN,ATGGACCATGAAAAT,MFWYRQDPGLGLRLIYF,ATGTTCTGGTATCGACAAGACCCAGGTCTGGGGCTACGGCTGATCTATTTC,SYDVKM,TCATATGATGTTAAAATG,KEKGDIPEGYSVSREKKERFSLILESASTNQTSMYL,AAAGAAAAAGGAGATATTCCTGAGGGGTACAGTGTCTCTAGAGAGAAGAAGGAGCGCTTCTCCCTGATTCTGGAGTCCGCCAGCACCAACCAGACATCTATGTACCTC,CASSPWTSGSKVGELFF,TGTGCCAGCAGCCCATGGACTAGCGGGAGTAAGGTCGGGGAGCTGTTTTTT,GEGSRLTVL,GGAGAAGGCTCTAGGCTGACCGTACTGG,44103,8,clonotype87,clonotype87_consensus_1,1
CCTCAGTAGCTAGTTC-1,true,CCTCAGTAGCTAGTTC-1_contig_1,true,670,TRA,TRAV8-2,,TRAJ44,TRAC,true,true,AQSVTQLDSHVSVSEGTPVLLRCNYS,GCCCAGTCGGTGACCCAGCTTGACAGCCACGTCTCTGTCTCTGAAGGAACCCCGGTGCTGCTGAGGTGCAACTACTCA,SSYSPS,TCTTCTTATTCACCGTCT,LFWYVQHPNKGLQLLLK,CTCTTCTGGTATGTGCAACACCCCAACAAAGGACTCCAGCTTCTCCTGAAG,YTSAATLV,TACACATCAGCGGCCACCCTGGTT,KGINGFEAEFKKSETSFHLTKPSAHMSDAAEYF,AAAGGCATCAACGGTTTTGAGGCTGAATTTAAGAAGAGTGAAACCTCCTTCCACCTGACGAAACCCTCAGCCCATATGAGCGACGCGGCTGAGTACTTC,CVVSDLTGTASKLTF,TGTGTTGTGAGTGATCTTACCGGCACTGCCAGTAAACTCACCTTT,GTGTRLQVTL,GGGACTGGAACAAGACTTCAGGTCACGCTCG,5952,4,clonotype47,clonotype47_consensus_2,1
CCTCAGTAGCTAGTTC-1,true,CCTCAGTAGCTAGTTC-1_contig_2,true,507,TRB,TRBV6-9,,TRBJ2-1,TRBC2,true,true,NAGVTQTPKFHILKTGQSMTLQCAQD,AATGCTGGTGTCACTCAGACCCCAAAATTCCACATCCTGAAGACAGGACAGAGCATGACACTGCAGTGTGCCCAGGAT,MNHGY,ATGAACCATGGATAC,LSWYRQDPGMGLRRIHY,TTGTCCTGGTATCGACAAGACCCAGGCATGGGGCTGAGGCGCATTCATTAC,SVAAGI,TCAGTTGCTGCTGGTATC,TDKGEVPDGYNVSRSNTEDFPLRLESAAPSQTSVYF,ACTGACAAAGGAGAAGTCCCCGATGGCTACAATGTATCCAGATCAAACACAGAGGATTTCCCGCTCAGGCTGGAGTCAGCTGCTCCCTCCCAGACATCTGTGTACTTC,CASSYSGDYNEQFF,TGTGCCAGCAGTTATAGTGGGGACTACAATGAGCAGTTCTTC,GPGTRLTVL,GGGCCAGGGACACGGCTCACCGTGCTAG,66547,5,clonotype47,clonotype47_consensus_1,1
CCTTCGACAATCTACG-1,true,CCTTCGACAATCTACG-1_contig_1,true,473,TRB,TRBV27,,TRBJ1-2,TRBC1,true,true,EAQVTQNPRYLITVTGKKLTVTCSQN,GAAGCCCAAGTGACCCAGAACCCAAGATACCTCATCACAGTGACTGGAAAGAAGTTAACAGTGACTTGTTCTCAGAAT,MNHEY,ATGAACCATGAGTAT,MSWYRQDPGLGLRQIYY,ATGTCCTGGTATCGACAAGACCCAGGGCTGGGCTTAAGGCAGATCTACTAT,SMNVEV,TCAATGAATGTTGAGGTG,TDKGDVPEGYKVSRKEKRNFPLILESPSPNQTSLYF,ACTGATAAGGGAGATGTTCCTGAAGGGTACAAAGTCTCTCGAAAAGAGAAGAGGAATTTCCCCCTGATCCTGGAGTCGCCCAGCCCCAACCAGACCTCTCTGTACTTC,CASSPPCAGVYGYTF,TGTGCCAGCAGTCCTCCATGTGCAGGGGTCTATGGCTACACCTTC,GSGTRLTVV,GGTTCGGGGACCAGGTTAACCGTTGTAG,71479,9,clonotype59,clonotype59_consensus_1,1
CCTTCGACACATTAGC-1,true,CCTTCGACACATTAGC-1_contig_1,true,459,TRB,TRBV24-1,,TRBJ2-5,TRBC2,true,true,DADVTQTPRNRITKTGKRIMLECSQT,GATGCTGATGTTACCCAGACCCCAAGGAATAGGATCACAAAGACAGGAAAGAGGATTATGCTGGAATGTTCTCAGACT,KGHDR,AAGGGTCATGATAGA,MYWYRQDPGLGLRLIYY,ATGTACTGGTATCGACAAGACCCAGGACTGGGCCTACGGTTGATCTATTAC,SFDVKD,TCCTTTGATGTCAAAGAT,INKGEISDGYSVSRQAQAKFSLSLESAIPNQTALYF,ATAAACAAAGGAGAGATCTCTGATGGATACAGTGTCTCTCGACAGGCACAGGCTAAATTCTCCCTGTCCCTAGAGTCTGCCATCCCCAACCAGACAGCTCTTTACTTC,CATSDYREETQYF,TGTGCCACCAGTGATTACAGGGAGGAGACCCAGTACTTC,GPGTRLLVL,GGGCCAGGCACGCGGCTCCTGGTGCTCG,21446,2,clonotype18,clonotype18_consensus_1,1
CCTTCGATCCAGATCA-1,true,CCTTCGATCCAGATCA-1_contig_1,true,501,TRB,TRBV20-1,,TRBJ2-5,TRBC2,true,true,GAVVSQHPSWVICKSGTSVKIECRSL,GGTGCTGTCGTCTCTCAACATCCGAGCTGGGTTATCTGTAAGAGTGGAACCTCTGTGAAGATCGAGTGCCGTTCCCTG,DFQATT,GACTTTCAGGCCACAACT,MFWYRQFPKQSLMLMAT,ATGTTTTGGTATCGTCAGTTCCCGAAACAGAGTCTCATGCTGATGGCAACT,SNEGSKA,TCCAATGAGGGCTCCAAGGCC,TYEQGVEKDKFLINHASLTLSTLTVTSAHPEDSSFYI,ACATACGAGCAAGGCGTCGAGAAGGACAAGTTTCTCATCAACCATGCAAGCCTGACCTTGTCCACTCTGACAGTGACCAGTGCCCATCCTGAAGACAGCAGCTTCTACATC,CSARDLREGRETQYF,TGCAGTGCTAGAGATCTCAGGGAAGGGCGAGAGACCCAGTACTTC,GPGTRLLVL,GGGCCAGGCACGCGGCTCCTGGTGCTCG,55016,21,clonotype23,clonotype23_consensus_1,1
CCTTCGATCCAGATCA-1,true,CCTTCGATCCAGATCA-1_contig_2,true,505,TRA,TRAV1-2,,TRAJ39,TRAC,true,true,GQNIDQPTEMTATEGAIVQINCTYQ,GGACAAAACATTGACCAGCCCACTGAGATGACAGCTACGGAAGGTGCCATTGTCCAGATCAACTGCACGTACCAG,TSGFNG,ACATCTGGGTTCAACGGG,LFWYQQHAGEAPTFLSY,CTGTTCTGGTACCAGCAACATGCTGGCGAAGCACCCACATTTCTGTCTTAC,NVLDGL,AATGTTCTGGATGGTTTG,EEKGRFSSFLSRSKGYSYLLLKELQMKDSASYL,GAGGAGAAAGGTCGTTTTTCTTCATTCCTTAGTCGGTCTAAAGGGTACAGTTACCTCCTTTTGAAGGAGCTCCAGATGAAAGACTCTGCCTCTTACCTC,CAVGLGGNMLTF,TGTGCTGTGGGCCTGGGAGGCAACATGCTCACCTTT,GGGTRLMVKP,GGAGGGGGAACAAGGTTAATGGTCAAACCCC,4914,3,clonotype23,clonotype23_consensus_3,1
CCTTCGATCCAGATCA-1,true,CCTTCGATCCAGATCA-1_contig_3,true,449,TRA,TRAV2,,TRAJ27,TRAC,true,true,KDQVFQPSTVASSEGAVVEIFCNHS,AAGGACCAAGTGTTTCAGCCTTCCACAGTGGCATCTTCAGAGGGAGCTGTGGTGGAAATCTTCTGTAATCACTCT,VSNAYN,GTGTCCAATGCTTACAAC,FFWYLHFPGCAPRLLVK,TTCTTCTGGTACCTTCACTTCCCGGGATGTGCACCAAGACTCCTTGTTAAA,GSKP,GGCTCAAAGCCT,SQQGRYNMTYERFSSSLLILQVREADAAVYY,TCTCAGCAGGGACGATACAACATGACCTATGAACGGTTCTCTTCATCGCTGCTCATCCTCCAGGTGCGGGAGGCAGATGCTGCTGTTTACTAC,CAVEDRAGKSTF,TGTGCTGTGGAGGATCGAGCAGGCAAATCAACCTTT,GDGTTLTVKP,GGGGATGGGACTACGCTCACTGTGAAGCCAA,6307,5,clonotype23,clonotype23_consensus_2,1
CGAATGTGTGAGTATA-1,true,CGAATGTGTGAGTATA-1_contig_1,true,564,TRA,TRAV8-4,,TRAJ9,TRAC,true,true,AQSVTQLGSHVSVSEGALVLLRCNYS,GCCCAGTCGGTGACCCAGCTTGGCAGCCACGTCTCTGTCTCTGAGGGAGCCCTGGTTCTGCTGAGGTGCAACTACTCA,SSVPPY,TCGTCTGTTCCACCATAT,LFWYVQYPNQGLQLLLK,CTCTTCTGGTATGTGCAATACCCCAACCAAGGACTCCAGCTTCTCCTGAAG,YTSAATLV,TACACATCAGCGGCCACCCTGGTT,KGINGFEAEFKKSETSFHLTKPSAHMSDAAEYF,AAAGGCATCAACGGTTTTGAGGCTGAATTTAAGAAGAGTGAAACCTCCTTCCACCTGACGAAACCCTCAGCCCATATGAGCGACGCGGCTGAGTACTTC,CAGSPGGFKTIF,TGTGCCGGTAGTCCTGGAGGCTTCAAAACTATCTTT,GAGTRLFVKA,GGAGCAGGAACAAGACTATTTGTTAAAGCAA,7950,5,clonotype83,clonotype83_consensus_2,1
CGAATGTGTGAGTATA-1,true,CGAATGTGTGAGTATA-1_contig_2,true,475,TRB,TRBV28,TRBD1,TRBJ2-1,TRBC2,true,true,DVKVTQSSRYLVKRTGEKVFLECVQD,GATGTGAAAGTAACCCAGAGCTCGAGATATCTAGTCAAAAGGACGGGAGAGAAAGTTTTTCTGGAATGTGTCCAGGAT,MDHEN,ATGGACCATGAAAAT,MFWYRQDPGLGLRLIYF,ATGTTCTGGTATCGACAAGACCCAGGTCTGGGGCTACGGCTGATCTATTTC,SYDVKM,TCATATGATGTTAAAATG,KEKGDIPEGYSVSREKKERFSLILESASTNQTSMYL,AAAGAAAAAGGAGATATTCCTGAGGGGTACAGTGTCTCTAGAGAGAAGAAGGAGCGCTTCTCCCTGATTCTGGAGTCCGCCAGCACCAACCAGACATCTATGTACCTC,CASSLLDRGRYNEQFF,TGTGCCAGCAGTTTACTGGACAGGGGTAGGTACAATGAGCAGTTCTTC,GPGTRLTVL,GGGCCAGGGACACGGCTCACCGTGCTAG,63343,9,clonotype83,clonotype83_consensus_1,1
CGGAGTCTCTCATTCA-1,true,CGGAGTCTCTCATTCA-1_contig_1,true,475,TRB,TRBV2,,TRBJ1-2,TRBC1,true,true,EPEVTQTPSHQVTQMGQEVILRCVPI,GAACCTGAAGTCACCCAGACTCCCAGCCATCAGGTCACACAGATGGGACAGGAAGTGATCTTGCGCTGTGTCCCCATC,SNHLY,TCTAATCACTTATAC,FYWYRQILGQKVEFLVS,TTCTATTGGTACAGACAAATCTTGGGGCAGAAAGTCGAGTTTCTGGTTTCC,FYNNEI,TTTTATAATAATGAAATC,SEKSEIFDDQFSVERPDGSNFTLKIRSTKLEDSAMYF,TCAGAGAAGTCTGAAATATTCGATGATCAATTCTCAGTTGAAAGGCCTGATGGATCAAATTTCACTCTGAAGATCCGGTCCACAAAGCTGGAGGACTCAGCCATGTACTTC,CASRRDRANYGYTF,TGTGCCAGCAGGAGGGACAGAGCTAACTATGGCTACACCTTC,GSGTRLTVV,GGTTCGGGGACCAGGTTAACCGTTGTAG,74427,9,clonotype54,clonotype54_consensus_1,1
CGGGTCAAGAGTAAGG-1,true,CGGGTCAAGAGTAAGG-1_contig_1,true,499,TRA,TRAV1-1,,TRAJ18,TRAC,true,true,GQSLEQPSEVTAVEGAIVQINCTYQ,GGACAAAGCCTTGAGCAGCCCTCTGAAGTGACAGCTGTGGAAGGAGCCATTGTCCAGATAAACTGCACGTACCAG,TSGFYG,ACATCTGGGTTTTATGGG,LSWYQQHDGGAPTFLSY,CTGTCCTGGTACCAGCAACATGATGGCGGAGCACCCACATTTCTTTCTTAC,NALDGL,AATGCTCTGGATGGTTTG,EETGRFSSFLSRSDSYGYLLLQELQMKDSASYF,GAGGAGACAGGTCGTTTTTCTTCATTCCTTAGTCGCTCTGATAGTTATGGTTACCTCCTTCTACAGGAGCTCCAGATGAAAGACTCTGCCTCTTACTTC,CAVREDRGSTLGRLYF,TGCGCTGTGAGAGAAGACAGAGGCTCAACCCTGGGGAGGCTATACTTT,GRGTQLTVWP,GGAAGAGGAACTCAGTTGACTGTCTGGCCTG,28673,11,clonotype95,clonotype95_consensus_2,1
CGGGTCAAGAGTAAGG-1,true,CGGGTCAAGAGTAAGG-1_contig_2,true,508,TRB,TRBV3-1,,TRBJ1-2,TRBC1,true,true,DTAVSQTPKYLVTQMGNDKSIKCEQN,GACACAGCTGTTTCCCAGACTCCAAAATACCTGGTCACACAGATGGGAAACGACAAGTCCATTAAATGTGAACAAAAT,LGHDT,CTGGGCCATGATACT,MYWYKQDSKKFLKIMFS,ATGTATTGGTATAAACAGGACTCTAAGAAATTTCTGAAGATAATGTTTAGC,YNNKEL,TACAATAATAAGGAGCTC,IINETVPNRFSPKSPDKAHLNLHINSLELGDSAVYF,ATTATAAATGAAACAGTTCCAAATCGCTTCTCACCTAAATCTCCAGACAAAGCTCACTTAAATCTTCACATCAATTCCCTGGAGCTTGGTGACTCTGCTGTGTATTTC,CASSPREASMWSSMGYTF,TGTGCCAGCAGCCCTCGAGAGGCTTCTATGTGGTCCTCTATGGGCTACACCTTC,GSGTRLTVV,GGTTCGGGGACCAGGTTAACCGTTGTAG,45796,24,clonotype95,clonotype95_consensus_1,1
CGTCTACGTTAGGGTG-1,true,CGTCTACGTTAGGGTG-1_contig_1,true,490,TRB,TRBV3-1,,TRBJ2-1,TRBC2,true,true,DTAVSQTPKYLVTQMGNDKSIKCEQN,GACACAGCTGTTTCCCAGACTCCAAAATACCTGGTCACACAGATGGGAAACGACAAGTCCATTAAATGTGAACAAAAT,LGHDT,CTGGGCCATGATACT,MYWYKQDSKKFLKIMFS,ATGTATTGGTATAAACAGGACTCTAAGAAATTTCTGAAGATAATGTTTAGC,YNNKEL,TACAATAATAAGGAGCTC,IINETVPNRFSPKSPDKAHLNLHINSLELGDSAVYF,ATTATAAATGAAACAGTTCCAAATCGCTTCTCACCTAAATCTCCAGACAAAGCTCACTTAAATCTTCACATCAATTCCCTGGAGCTTGGTGACTCTGCTGTGTATTTC,CASSQGRGEQFF,TGTGCCAGCAGCCAAGGACGTGGTGAGCAGTTCTTC,GPGTRLTVL,GGGCCAGGGACACGGCTCACCGTGCTAG,44860,4,clonotype12,clonotype12_consensus_1,1
CGTGAGCAGACTGTAA-1,true,CGTGAGCAGACTGTAA-1_contig_1,true,473,TRB,TRBV28,,TRBJ2-1,TRBC2,true,true,DVKVTQSSRYLVKRTGEKVFLECVQD,GATGTGAAAGTAACCCAGAGCTCGAGATATCTAGTCAAAAGGACGGGAGAGAAAGTTTTTCTGGAATGTGTCCAGGAT,MDHEN,ATGGACCATGAAAAT,MFWYRQDPGLGLRLIYF,ATGTTCTGGTATCGACAAGACCCAGGTCTGGGGCTACGGCTGATCTATTTC,SYDVKM,TCATATGATGTTAAAATG,KEKGDIPEGYSVSREKKERFSLILESASTNQTSMYL,AAAGAAAAAGGAGATATTCCTGAGGGGTACAGTGTCTCTAGAGAGAAGAAGGAGCGCTTCTCCCTGATTCTGGAGTCCGCCAGCACCAACCAGACATCTATGTACCTC,CASSLFSGRASDEQFF,TGTGCCAGCAGTTTATTTAGCGGGAGGGCCTCAGATGAGCAGTTCTTC,GPGTRLTVL,GGGCCAGGGACACGGCTCACCGTGCTAG,54315,5,clonotype75,clonotype75_consensus_1,1
CTACACCAGTGTTGAA-1,true,CTACACCAGTGTTGAA-1_contig_1,true,507,TRB,TRBV12-3,,TRBJ2-3,TRBC2,true,true,DAGVIQSPRHEVTEMGQEVTLRCKPI,GATGCTGGAGTTATCCAGTCACCCCGCCATGAGGTGACAGAGATGGGACAAGAAGTGACTCTGAGATGTAAACCAATT,SGHNS,TCAGGCCACAACTCC,LFWYRQTMMRGLELLIY,CTTTTCTGGTACAGACAGACCATGATGCGGGGACTGGAGTTGCTCATTTAC,FNNNVP,TTTAACAACAACGTTCCG,IDDSGMPEDRFSAKMPNASFSTLKIQPSEPRDSAVYF,ATAGATGATTCAGGGATGCCCGAGGATCGATTCTCAGCTAAGATGCCTAATGCATCATTCTCCACTCTGAAGATCCAGCCCTCAGAACCCAGGGACTCAGCTGTGTACTTC,CASSYSGSGTDTQYF,TGTGCCAGCAGTTATAGCGGGAGCGGCACAGATACGCAGTATTTT,GPGTRLTVL,GGCCCAGGCACCCGGCTGACAGTGCTCG,24325,2,clonotype71,clonotype71_consensus_1,1
CTAGTGACACATCCAA-1,true,CTAGTGACACATCCAA-1_contig_1,true,524,TRB,TRBV20-1,,TRBJ2-7,TRBC2,true,true,GAVVSQHPSWVICKSGTSVKIECRSL,GGTGCTGTCGTCTCTCAACATCCGAGCTGGGTTATCTGTAAGAGTGGAACCTCTGTGAAGATCGAGTGCCGTTCCCTG,DFQATT,GACTTTCAGGCCACAACT,MFWYRQFPKQSLMLMAT,ATGTTTTGGTATCGTCAGTTCCCGAAACAGAGTCTCATGCTGATGGCAACT,SNEGSKA,TCCAATGAGGGCTCCAAGGCC,TYEQGVEKDKFLINHASLTLSTLTVTSAHPEDSSFYI,ACATACGAGCAAGGCGTCGAGAAGGACAAGTTTCTCATCAACCATGCAAGCCTGACCTTGTCCACTCTGACAGTGACCAGTGCCCATCCTGAAGACAGCAGCTTCTACATC,CSARVGVSDLYEQYF,TGCAGTGCTAGAGTCGGTGTTTCAGATCTCTACGAGCAGTACTTC,GPGTRLTVT,GGGCCGGGCACCAGGCTCACGGTCACAG,66157,8,clonotype15,clonotype15_consensus_1,1
CTAGTGATCGCCGTGA-1,true,CTAGTGATCGCCGTGA-1_contig_1,true,509,TRB,TRBV6-1,TRBD2,TRBJ2-3,TRBC2,true,true,NAGVTQTPKFQVLKTGQSMTLQCAQD,AATGCTGGTGTCACTCAGACCCCAAAATTCCAGGTCCTGAAGACAGGACAGAGCATGACACTGCAGTGTGCCCAGGAT,MNHNS,ATGAACCATAACTCC,MYWYRQDPGMGLRLIYY,ATGTACTGGTATCGACAAGACCCAGGCATGGGACTGAGGCTGATTTATTAC,SASEGT,TCAGCTTCTGAGGGTACC,TDKGEVPNGYNVSRLNKREFSLRLESAAPSQTSVYF,ACTGACAAAGGAGAAGTCCCCAATGGCTACAATGTCTCCAGATTAAACAAACGGGAGTTCTCGCTCAGGCTGGAGTCGGCTGCTCCCTCCCAGACATCTGTGTACTTC,CASSRTSGSTDTQYF,TGTGCCAGCAGTAGGACTAGCGGGAGTACAGATACGCAGTATTTT,GPGTRLTVL,GGCCCAGGCACCCGGCTGACAGTGCTCG,42696,3,clonotype51,clonotype51_consensus_1,1
CTCATTATCATAGCAC-1,true,CTCATTATCATAGCAC-1_contig_1,true,453,TRA,TRAV2,,TRAJ37,TRAC,true,true,KDQVFQPSTVASSEGAVVEIFCNHS,AAGGACCAAGTGTTTCAGCCTTCCACAGTGGCATCTTCAGAGGGAGCTGTGGTGGAAATCTTCTGTAATCACTCT,VSNAYN,GTGTCCAATGCTTACAAC,FFWYLHFPGCAPRLLVK,TTCTTCTGGTACCTTCACTTCCCGGGATGTGCACCAAGACTCCTTGTTAAA,GSKP,GGCTCAAAGCCT,SQQGRYNMTYERFSSSLLILQVREADAAVYY,TCTCAGCAGGGACGATACAACATGACCTATGAACGGTTCTCTTCATCGCTGCTCATCCTCCAGGTGCGGGAGGCAGATGCTGCTGTTTACTAC,CAVGDSNTGKLIF,TGTGCTGTGGGTGATAGCAACACAGGCAAACTAATCTTT,GQGTTLQVKP,GGGCAAGGGACAACTTTACAAGTAAAACCAG,21935,3,clonotype96,clonotype96_consensus_2,1
CTCATTATCATAGCAC-1,true,CTCATTATCATAGCAC-1_contig_2,true,520,TRB,TRBV12-4,,TRBJ2-1,TRBC2,true,true,DAGVIQSPRHEVTEMGQEVTLRCKPI,GATGCTGGAGTTATCCAGTCACCCCGGCACGAGGTGACAGAGATGGGACAAGAAGTGACTCTGAGATGTAAACCAATT,SGHDY,TCAGGACATGACTAC,LFWYRQTMMRGLELLIY,CTTTTCTGGTACAGACAGACCATGATGCGGGGACTGGAGTTGCTCATTTAC,FNNNVP,TTTAACAACAACGTTCCG,IDDSGMPEDRFSAKMPNASFSTLKIQPSEPRDSAVYF,ATAGATGATTCAGGGATGCCCGAGGATCGATTCTCAGCTAAGATGCCTAATGCATCATTCTCCACTCTGAAGATCCAGCCCTCAGAACCCAGGGACTCAGCTGTGTACTTC,CASSLGSRSGNGVEQFF,TGTGCCAGCAGTTTAGGGTCTAGAAGCGGGAATGGAGTTGAGCAGTTCTTC,GPGTRLTVL,GGGCCAGGGACACGGCTCACCGTGCTAG,28993,5,clonotype96,clonotype96_consensus_1,1
CTCCTAGTCCAAAGTC-1,true,CTCCTAGTCCAAAGTC-1_contig_1,true,498,TRB,TRBV12-3,,TRBJ2-1,TRBC2,true,true,DAGVIQSPRHEVTEMGQEVTLRCKPI,GATGCTGGAGTTATCCAGTCACCCCGCCATGAGGTGACAGAGATGGGACAAGAAGTGACTCTGAGATGTAAACCAATT,SGHNS,TCAGGCCACAACTCC,LFWYRQTMMRGLELLIY,CTTTTCTGGTACAGACAGACCATGATGCGGGGACTGGAGTTGCTCATTTAC,FNNNVP,TTTAACAACAACGTTCCG,IDDSGMPEDRFSAKMPNASFSTLKIQPSEPRDSAVYF,ATAGATGATTCAGGGATGCCCGAGGATCGATTCTCAGCTAAGATGCCTAATGCATCATTCTCCACTCTGAAGATCCAGCCCTCAGAACCCAGGGACTCAGCTGTGTACTTC,CASSFVGNEQFF,TGTGCCAGCAGTTTTGTTGGCAATGAGCAGTTCTTC,GPGTRLTVL,GGGCCAGGGACACGGCTCACCGTGCTAG,32684,5,clonotype16,clonotype16_consensus_1,1
CTCGAGGGTGCCTGGT-1,true,CTCGAGGGTGCCTGGT-1_contig_1,true,477,TRB,TRBV29-1,,TRBJ2-5,TRBC2,true,true,SAVISQKPSRDICQRGTSLTIQCQVD,AGTGCTGTCATCTCTCAAAAGCCAAGCAGGGATATCTGTCAACGTGGAACCTCCCTGACGATCCAGTGTCAAGTCGAT,SQVTM,AGCCAAGTCACCATG,MFWYRQQPGQSLTLIAT,ATGTTCTGGTACCGTCAGCAACCTGGACAGAGCCTGACACTGATCGCAACT,ANQGSEA,GCAAATCAGGGCTCTGAGGCC,TYESGFVIDKFPISRPNLTFSTLTVSNMSPEDSSIYL,ACATATGAGAGTGGATTTGTCATTGACAAGTTTCCCATCAGCCGCCCAAACCTAACATTCTCAACTCTGACTGTGAGCAACATGAGCCCTGAAGACAGCAGCATATATCTC,CSVEDSSGRGETQYF,TGCAGCGTTGAAGATTCTAGCGGGAGAGGGGAGACCCAGTACTTC,GPGTRLLVL,GGGCCAGGCACGCGGCTCCTGGTGCTCG,72269,7,clonotype33,clonotype33_consensus_1,1
CTCGAGGGTGCCTGGT-1,true,CTCGAGGGTGCCTGGT-1_contig_2,true,505,TRA,TRAV6,,TRAJ9,TRAC,true,true,SQKIEQNSEALNIQEGKTATLTCNYT,AGCCAAAAGATAGAACAGAATTCCGAGGCCCTGAACATTCAGGAGGGTAAAACGGCCACCCTGACCTGCAACTATACA,NYSPAY,AACTATTCTCCAGCATAC,LQWYRQDPGRGPVFLLL,TTACAGTGGTACCGACAAGATCCAGGAAGAGGCCCTGTTTTCTTGCTACTC,IRENEKE,ATACGTGAAAATGAGAAAGAA,KRKERLKVTFDTTLKQSLFHITASQPADSATYL,AAAAGGAAAGAAAGACTGAAGGTCACCTTTGATACCACCCTTAAACAGAGTTTGTTTCATATCACAGCCTCCCAGCCTGCAGACTCAGCTACCTACCTC,CALGAGGFKTIF,TGTGCTCTAGGGGCAGGAGGCTTCAAAACTATCTTT,GAGTRLFIKA,GGAGCAGGAACAAGACTATTTATTAAAGCAA,2597,1,clonotype33,clonotype33_consensus_2,1
CTGGTCTCAGTGACAG-1,true,CTGGTCTCAGTGACAG-1_contig_1,true,474,TRB,TRBV5-6,,TRBJ1-3,TRBC1,true,true,DAGVTQSPTHLIKTRGQQVTLRCSPK,GACGCTGGAGTCACCCAAAGTCCCACACACCTGATCAAAACGAGAGGACAGCAAGTGACTCTGAGATGCTCTCCTAAG,SGHDT,TCTGGGCATGACACT,VSWYQQALGQGPQFIFQ,GTGTCCTGGTACCAACAGGCCCTGGGTCAGGGGCCCCAGTTTATCTTTCAG,YYEEEE,TATTATGAGGAGGAAGAG,RQRGNFPDRFSGHQFPNYSSELNVNALLLGDSALYL,AGACAGAGAGGCAACTTCCCTGATCGATTCTCAGGTCACCAGTTCCCTAACTATAGCTCTGAGCTGAATGTGAACGCCTTGTTGCTGGGGGACTCGGCCCTCTATCTC,CASSHPRGGNTIYF,TGTGCCAGCAGCCATCCCAGGGGTGGAAACACCATATATTTT,GEGSWLTVV,GGAGAGGGAAGTTGGCTCACTGTTGTAG,35072,2,clonotype46,clonotype46_consensus_1,1
CTGGTCTCAGTGACAG-1,true,CTGGTCTCAGTGACAG-1_contig_2,true,505,TRA,TRAV26-1,,TRAJ39,TRAC,true,true,DAKTTQPTSMDCAEGRAANLPCNHS,GATGCTAAGACCACCCAGCCCACCTCCATGGATTGCGCTGAAGGAAGAGCTGCAAACCTGCCTTGTAATCACTCT,TISGNEY,ACCATCAGTGGAAATGAGTAT,VYWYRQIHSQGPQYIIH,GTGTATTGGTATCGACAGATTCACTCCCAGGGGCCACAGTATATCATTCAT,GLKNN,GGTCTAAAAAACAAT,ETNEMASLIITEDRKSSTLILPHATLRDTAVYY,GAAACCAATGAAATGGCCTCTCTGATCATCACAGAAGACAGAAAGTCCAGCACCTTGATCCTGCCCCACGCTACGCTGAGAGACACTGCTGTGTACTAT,CIVRFNNAGNMLTF,TGCATCGTCAGATTTAATAATGCAGGCAACATGCTCACCTTT,GGGTRLMVKP,GGAGGGGGAACAAGGTTAATGGTCAAACCCC,8991,3,clonotype46,clonotype46_consensus_2,1
GAACGGATCTGAAAGA-1,true,GAACGGATCTGAAAGA-1_contig_1,true,481,TRB,TRBV7-3,,TRBJ2-7,TRBC2,true,true,GAGVSQTPSNKVTEKGKYVELRCDPI,GGTGCTGGAGTCTCCCAGACCCCCAGTAACAAGGTCACAGAGAAGGGAAAATATGTAGAGCTCAGGTGTGATCCAATT,SGHTA,TCAGGTCATACTGCC,LYWYRQSLGQGPEFLIY,CTTTACTGGTACCGACAAAGCCTGGGGCAGGGCCCAGAGTTTCTAATTTAC,FQGTGA,TTCCAAGGCACGGGTGCG,ADDSGLPNDRFFAVRPEGSVSTLKIQRTERGDSAVYL,GCAGATGACTCAGGGCTGCCCAACGATCGGTTCTTTGCAGTCAGGCCTGAGGGATCCGTCTCTACTCTGAAGATCCAGCGCACAGAGCGGGGGGACTCAGCCGTGTATCTC,CASSLLGGLAGNYEQYF,TGTGCCAGCAGCCTGCTGGGGGGGCTAGCGGGGAACTACGAGCAGTACTTC,GPGTRLTVT,GGGCCGGGCACCAGGCTCACGGTCACAG,22008,2,clonotype93,clonotype93_consensus_1,1
GAATGAATCGCGCCAA-1,true,GAATGAATCGCGCCAA-1_contig_1,true,502,TRB,TRBV3-1,,TRBJ2-1,TRBC2,true,true,DTAVSQTPKYLVTQMGNDKSIKCEQN,GACACAGCTGTTTCCCAGACTCCAAAATACCTGGTCACACAGATGGGAAACGACAAGTCCATTAAATGTGAACAAAAT,LGHDT,CTGGGCCATGATACT,MYWYKQDSKKFLKIMFS,ATGTATTGGTATAAACAGGACTCTAAGAAATTTCTGAAGATAATGTTTAGC,YNNKEL,TACAATAATAAGGAGCTC,IINETVPNRFSPKSPDKAHLNLHINSLELGDSAVYF,ATTATAAATGAAACAGTTCCAAATCGCTTCTCACCTAAATCTCCAGACAAAGCTCACTTAAATCTTCACATCAATTCCCTGGAGCTTGGTGACTCTGCTGTGTATTTC,CASSQEVPGGGGEQFF,TGTGCCAGCAGCCAAGAAGTCCCGGGGGGGGGAGGTGAGCAGTTCTTC,GPGTRLTVL,GGGCCAGGGACACGGCTCACCGTGCTAG,51999,4,clonotype81,clonotype81_consensus_1,1
GACCAATAGTGGGCTA-1,true,GACCAATAGTGGGCTA-1_contig_1,true,493,TRB,TRBV7-2,,TRBJ2-3,TRBC2,true,true,GAGVSQSPSNKVTEKGKDVELRCDPI,GGAGCTGGAGTCTCCCAGTCCCCCAGTAACAAGGTCACAGAGAAGGGAAAGGATGTAGAGCTCAGGTGTGATCCAATT,SGHTA,TCAGGTCATACTGCC,LYWYRQRLGQGLEFLIY,CTTTACTGGTACCGACAGAGGCTGGGGCAGGGCCTGGAGTTTTTAATTTAC,FQGNSA,TTCCAAGGCAACAGTGCA,PDKSGLPSDRFSAERTGESVSTLTIQRTQQEDSAVYL,CCAGACAAATCAGGGCTGCCCAGTGATCGCTTCTCTGCAGAGAGGACTGGGGAATCCGTCTCCACTCTGACGATCCAGCGCACACAGCAGGAGGACTCGGCCGTGTATCTC,CASSLDGLRQYF,TGTGCCAGCAGCTTAGACGGGCTTAGGCAGTATTTT,GPGTRLTVL,GGCCCAGGCACCCGGCTGACAGTGCTCG,75783,9,clonotype26,clonotype26_consensus_1,1
GACCAATAGTGGGCTA-1,true,GACCAATAGTGGGCTA-1_contig_2,true,468,TRA,TRAV17,,TRAJ27,TRAC,true,true,SQQGEEDPQALSIQEGENATMNCSYK,AGTCAACAGGGAGAAGAGGATCCTCAGGCCTTGAGCATCCAGGAGGGTGAAAATGCCACCATGAACTGCAGTTACAAA,TSINN,ACTAGTATAAACAAT,LQWYRQNSGRGLVHLIL,TTACAGTGGTATAGACAAAATTCAGGTAGAGGCCTTGTCCACCTAATTTTA,IRSNERE,ATACGTTCAAATGAAAGAGAG,KHSGRLRVTLDTSKKSSSLLITASRAADTASYF,AAACACAGTGGAAGATTAAGAGTCACGCTTGACACTTCCAAGAAAAGCAGTTCCTTGTTGATCACGGCTTCCCGGGCAGCAGACACTGCTTCTTACTTC,CATAYNAGKSTF,TGTGCTACGGCCTACAATGCAGGCAAATCAACCTTT,GDGTTLTVKP,GGGGATGGGACTACGCTCACTGTGAAGCCAA,160,2,clonotype26,clonotype26_consensus_2,1
GACGGCTTCTGTTGAG-1,true,GACGGCTTCTGTTGAG-1_contig_1,true,516,TRB,TRBV12-4,TRBD1,TRBJ2-7,TRBC2,true,true,DAGVIQSPRHEVTEMGQEVTLRCKPI,GATGCTGGAGTTATCCAGTCACCCCGGCACGAGGTGACAGAGATGGGACAAGAAGTGACTCTGAGATGTAAACCAATT,SGHDY,TCAGGACACGACTAC,LFWYRQTMMRGLELLIY,CTTTTCTGGTACAGACAGACCATGATGCGGGGACTGGAGTTGCTCATTTAC,FNNNVP,TTTAACAACAACGTTCCG,IDDSGMPEDRFSAKMPNASFSTLKIQPSEPRDSAVYF,ATAGATGATTCAGGGATGCCCGAGGATCGATTCTCAGCTAAGATGCCTAATGCATCATTCTCCACTCTGAAGATCCAGCCCTCAGAACCCAGGGACTCAGCTGTGTACTTC,CASSFFPPGQGIPYEQYF,TGTGCCAGCAGTTTCTTCCCCCCCGGACAGGGGATCCCCTACGAGCAGTACTTC,GPGTRLTVT,GGGCCGGGCACCAGGCTCACGGTCACAG,37343,14,clonotype100,clonotype100_consensus_1,1
GACGGCTTCTGTTGAG-1,true,GACGGCTTCTGTTGAG-1_contig_2,true,471,TRA,TRAV13-1,,TRAJ38,TRAC,true,true,GENVEQHPSTLSVQEGDSAVIKCTYS,GGAGAGAATGTGGAGCAGCATCCTTCAACCCTGAGTGTCCAGGAGGGAGACAGCGCTGTTATCAAGTGTACTTATTCA,DSASNY,GACAGTGCCTCAAACTAC,FPWYKQELGKRPQLIID,TTCCCTTGGTATAAGCAAGAACTTGGAAAAAGACCTCAGCTTATTATAGAC,IRSNVGE,ATTCGTTCAAATGTGGGCGAA,KKDQRIAVTLNKTAKHFSLHITETQPEDSAVYF,AAGAAAGACCAACGAATTGCTGTTACATTGAACAAGACAGCCAAACATTTCTCCCTGCACATCACAGAGACCCAACCTGAAGACTCGGCTGTCTACTTC,CAATEFYNAGNNRKLIW,TGTGCAGCAACCGAATTTTATAATGCTGGCAACAACCGTAAGCTGATTTGG,GLGTSLAVNP,GGATTGGGAACAAGCCTGGCAGTAAATCCGA,22892,9,clonotype100,clonotype100_consensus_2,1
GACGTGCAGAATAGGG-1,true,GACGTGCAGAATAGGG-1_contig_1,true,498,TRB,TRBV20-1,,TRBJ2-7,TRBC2,true,true,GAVVSQHPSWVICKSGTSVKIECRSL,GGTGCTGTCGTCTCTCAACATCCGAGCTGGGTTATCTGTAAGAGTGGAACCTCTGTGAAGATCGAGTGCCGTTCCCTG,DFQATT,GACTTTCAGGCCACAACT,MFWYRQFPKQSLMLMAT,ATGTTTTGGTATCGTCAGTTCCCGAAACAGAGTCTCATGCTGATGGCAACT,SNEGSKA,TCCAATGAGGGCTCCAAGGCC,TYEQGVEKDKFLINHASLTLSTLTVTSAHPEDSSFYI,ACATACGAGCAAGGCGTCGAGAAGGACAAGTTTCTCATCAACCATGCAAGCCTGACCTTGTCCACTCTGACAGTGACCAGTGCCCATCCTGAAGACAGCAGCTTCTACATC,CSASRGRSSYEQYF,TGCAGTGCTTCCAGGGGGAGGAGCTCCTACGAGCAGTACTTC,GPGTRLTVT,GGGCCGGGCACCAGGCTCACGGTCACAG,64133,5,clonotype13,clonotype13_consensus_1,1
GACGTGCAGAATAGGG-1,true,GACGTGCAGAATAGGG-1_contig_2,true,520,TRA,TRAV14/DV4,,TRAJ34,TRAC,true,true,AQKITQTQPGMFVQEKEAVTLDCTYD,GCCCAGAAGATAACTCAAACCCAACCAGGAATGTTCGTGCAGGAAAAGGAGGCTGTGACTCTGGACTGCACATATGAC,TSDPSYG,ACCAGTGATCCAAGTTATGGT,LFWYKQPSSGEMIFLIY,CTATTCTGGTACAAGCAGCCCAGCAGTGGGGAAATGATTTTTCTTATTTAT,QGSYDQQN,CAGGGGTCTTATGACCAGCAAAAT,ATEGRYSLNFQKARKSANLVISASQLGDSAMYF,GCAACAGAAGGTCGCTACTCATTGAATTTCCAGAAGGCAAGAAAATCCGCCAACCTTGTCATCTCCGCTTCACAACTGGGGGACTCAGCAATGTATTTC,CAMREGNTDKLIF,TGTGCAATGAGAGAGGGTAACACCGACAAGCTCATCTTT,GTGTRLQVFP,GGGACTGGGACCAGATTACAAGTCTTTCCAA,9748,2,clonotype13,clonotype13_consensus_2,1
GACGTTATCAGAGCTT-1,true,GACGTTATCAGAGCTT-1_contig_1,true,511,TRA,TRAV17,,TRAJ22,TRAC,true,true,SQQGEEDPQALSIQEGENATMNCSYK,AGTCAACAGGGAGAAGAGGATCCTCAGGCCTTGAGCATCCAGGAGGGTGAAAATGCCACCATGAACTGCAGTTACAAA,TSINN,ACTAGTATAAACAAT,LQWYRQNSGRGLVHLIL,TTACAGTGGTATAGACAAAATTCAGGTAGAGGCCTTGTCCACCTAATTTTA,IRSNERE,ATACGTTCAAATGAAAGAGAG,KHSGRLRVTLDTSKKSSSLLITASRAADTASYF,AAACACAGTGGAAGATTAAGAGTCACGCTTGACACTTCCAAGAAAAGCAGTTCCTTGTTGATCACGGCTTCCCGGGCAGCAGACACTGCTTCTTACTTC,CATFPSGSARQLTF,TGTGCTACGTTCCCCTCTGGTTCTGCAAGGCAACTGACCTTT,GSGTQLTVLP,GGATCTGGGACACAATTGACTGTTTTACCTG,28724,3,clonotype37,clonotype37_consensus_1,1
GAGTCCGAGCGTTGCC-1,true,GAGTCCGAGCGTTGCC-1_contig_1,true,473,TRB,TRBV28,TRBD1,TRBJ2-7,TRBC2,true,true,DVKVTQSSRYLVKRTGEKVFLECVQD,GATGTGAAAGTAACCCAGAGCTCGAGATATCTAGTCAAAAGGACGGGAGAGAAAGTTTTTCTGGAATGTGTCCAGGAT,MDHEN,ATGGACCATGAAAAT,MFWYRQDPGLGLRLIYF,ATGTTCTGGTATCGACAAGACCCAGGTCTGGGGCTACGGCTGATCTATTTC,SYDVKM,TCATATGATGTTAAAATG,KEKGDIPEGYSVSREKKERFSLILESASTNQTSMYL,AAAGAAAAAGGAGATATTCCTGAGGGGTACAGTGTCTCTAGAGAGAAGAAGGAGCGCTTCTCCCTGATTCTGGAGTCCGCCAGCACCAACCAGACATCTATGTACCTC,CASSLRRGGGHEQYF,TGTGCCAGCAGTCTCCGTCGGGGAGGGGGCCACGAGCAGTACTTC,GPGTRLTVT,GGGCCGGGCACCAGGCTCACGGTCACAG,62604,7,clonotype56,clonotype56_consensus_1,1
GATCTAGCAAGCCGCT-1,true,GATCTAGCAAGCCGCT-1_contig_1,true,505,TRB,TRBV7-3,,TRBJ2-7,TRBC2,true,true,GAGVSQTPSNKVTEKGKYVELRCDPI,GGTGCTGGAGTCTCCCAGACCCCCAGTAACAAGGTCACAGAGAAGGGAAAATATGTAGAGCTCAGGTGTGATCCAATT,SGHTA,TCAGGTCATACTGCC,LYWYRQSLGQGPEFLIY,CTTTACTGGTACCGACAAAGCCTGGGGCAGGGCCCAGAGTTTCTAATTTAC,FQGTGA,TTCCAAGGCACGGGTGCG,ADDSGLPNDRFFAVRPEGSVSTLKIQRTERGDSAVYL,GCAGATGACTCAGGGCTGCCCAACGATCGGTTCTTTGCAGTCAGGCCTGAGGGATCCGTCTCTACTCTGAAGATCCAGCGCACAGAGCGGGGGGACTCAGCCGTGTATCTC,CASSFFRGPSYEQYF,TGTGCCAGCAGCTTCTTTCGGGGGCCCTCCTACGAGCAGTACTTC,GPGTRLTVT,GGGCCGGGCACCAGGCTCACGGTCACAG,62687,7,clonotype78,clonotype78_consensus_1,1
GCAAACTAGGCAGGTT-1,true,GCAAACTAGGCAGGTT-1_contig_1,true,498,TRB,TRBV6-6,,TRBJ2-1,TRBC2,true,true,NAGVTQTPKFRILKIGQSMTLQCTQD,AATGCTGGTGTCACTCAGACCCCAAAATTCCGCATCCTGAAGATAGGACAGAGCATGACACTGCAGTGTACCCAGGAT,MNHNY,ATGAACCATAACTAC,MYWYRQDPGMGLKLIYY,ATGTACTGGTATCGACAAGACCCAGGCATGGGGCTGAAGCTGATTTATTAT,SVGAGI,TCAGTTGGTGCTGGTATC,TDKGEVPNGYNVSRSTTEDFPLRLELAAPSQTSVYF,ACTGATAAAGGAGAAGTCCCGAATGGCTACAACGTCTCCAGATCAACCACAGAGGATTTCCCGCTCAGGCTGGAGTTGGCTGCTCCCTCCCAGACATCTGTGTACTTC,CASGIRDFASNEQFF,TGTGCCAGCGGAATCCGGGACTTTGCTTCGAATGAGCAGTTCTTC,GPGTRLTVL,GGGCCAGGGACACGGCTCACCGTGCTAG,63539,5,clonotype48,clonotype48_consensus_1,1
GCGCAACCATCCTTGC-1,true,GCGCAACCATCCTTGC-1_contig_1,true,507,TRB,TRBV5-5,,TRBJ2-6,TRBC2,true,true,DAGVTQSPTHLIKTRGQHVTLRCSPI,GACGCTGGAGTCACCCAAAGTCCCACACACCTGATCAAAACGAGAGGACAGCACGTGACTCTGAGATGCTCTCCTATC,SGHKS,TCTGGGCACAAGAGT,VSWYQQVLGQGPQFIFQ,GTGTCCTGGTACCAACAGGTCCTGGGTCAGGGGCCCCAGTTTATCTTTCAG,YYEKEE,TATTATGAGAAAGAAGAG,RGRGNFPDRFSARQFPNYSSELNVNALLLGDSALYL,AGAGGAAGAGGAAACTTCCCTGATCGATTCTCAGCTCGCCAGTTCCCTAACTATAGCTCTGAGCTGAATGTGAACGCCTTGTTGCTGGGGGACTCGGCCCTGTATCTC,CASSAGEGGANVLTF,TGTGCCAGCAGCGCAGGGGAAGGTGGGGCCAACGTCCTGACTTTC,GAGSRLTVL,GGGGCCGGCAGCAGGCTGACCGTGCTGG,48781,9,clonotype65,clonotype65_consensus_1,1
GCGCAACCATCCTTGC-1,true,GCGCAACCATCCTTGC-1_contig_2,true,680,TRA,TRAV8-3,,TRAJ34,TRAC,true,true,AQSVTQPDIHITVSEGASLELRCNYS,GCCCAGTCAGTGACCCAGCCTGACATCCACATCACTGTCTCTGAAGGAGCCTCACTGGAGTTGAGATGTAACTATTCC,YGATPY,TATGGGGCAACACCTTAT,LFWYVQSPGQGLQLLLK,CTCTTCTGGTATGTCCAGTCCCCCGGCCAAGGCCTCCAGCTGCTCCTGAAG,YFSGDTLV,TACTTTTCAGGAGACACTCTGGTT,QGIKGFEAEFKRSQSSFNLRKPSVHWSDAAEYF,CAAGGCATTAAAGGCTTTGAGGCTGAATTTAAGAGGAGTCAATCTTCCTTCAATCTGAGGAAACCCTCTGTGCATTGGAGTGATGCTGCTGAGTACTTC,CAVGERDNTDKLIF,TGTGCTGTGGGTGAAAGGGATAACACCGACAAGCTCATCTTT,GTGTRLQVFP,GGGACTGGGACCAGATTACAAGTCTTTCCAA,3725,2,clonotype65,clonotype65_consensus_2,1
GCGCAGTGTAGCGATG-1,true,GCGCAGTGTAGCGATG-1_contig_1,true,499,TRB,TRBV28,,TRBJ2-6,TRBC2,true,true,DVKVTQSSRYLVKRTGEKVFLECVQD,GATGTGAAAGTAACCCAGAGCTCGAGATATCTAGTCAAAAGGACGGGAGAGAAAGTTTTTCTGGAATGTGTCCAGGAT,MDHEN,ATGGACCATGAAAAT,MFWYRQDPGLGLRLIYF,ATGTTCTGGTATCGACAAGACCCAGGTCTGGGGCTACGGCTGATCTATTTC,SYDVKM,TCATATGATGTTAAAATG,KEKGDIPEGYSVSREKKERFSLILESASTNQTSMYL,AAAGAAAAAGGAGATATTCCTGAGGGGTACAGTGTCTCTAGAGAGAAGAAGGAGCGCTTCTCCCTGATTCTGGAGTCCGCCAGCACCAACCAGACATCTATGTACCTC,CASSPHRSSGANVLTF,TGTGCCAGCAGCCCCCACAGGTCCTCTGGGGCCAACGTCCTGACTTTC,GAGSRLTVL,GGGGCCGGCAGCAGGCTGACCGTGCTGG,59920,6,clonotype72,clonotype72_consensus_1,1
GCGCCAAAGCAGACTG-1,true,GCGCCAAAGCAGACTG-1_contig_1,true,476,TRB,TRBV28,,TRBJ2-7,TRBC2,true,true,DVKVTQSSRYLVKRTGEKVFLECVQD,GATGTGAAAGTAACCCAGAGCTCGAGATATCTAGTCAAAAGGACGGGAGAGAAAGTTTTTCTGGAATGTGTCCAGGAT,MDHEN,ATGGACCATGAAAAT,MFWYRQDPGLGLRLIYF,ATGTTCTGGTATCGACAAGACCCAGGTCTGGGGCTACGGCTGATCTATTTC,SYDVKM,TCATATGATGTTAAAATG,KEKGDIPEGYSVSREKKERFSLILESASTNQTSMYL,AAAGAAAAAGGAGATATTCCTGAGGGGTACAGTGTCTCTAGAGAGAAGAAGGAGCGCTTCTCCCTGATTCTGGAGTCCGCCAGCACCAACCAGACATCTATGTACCTC,CASKGLNSYEQYF,TGTGCCAGCAAAGGGCTCAACTCCTACGAGCAGTACTTC,GPGTRLTVT,GGGCCGGGCACCAGGCTCACGGTCACAG,75462,6,clonotype19,clonotype19_consensus_1,1
GCTGCAGCACGACGAA-1,true,GCTGCAGCACGACGAA-1_contig_1,true,530,TRB,TRBV6-4,,TRBJ2-2,TRBC2,true,true,IAGITQAPTSQILAAGRRMTLRCTQD,ATTGCTGGGATCACCCAGGCACCAACATCTCAGATCCTGGCAGCAGGACGGCGCATGACACTGAGATGTACCCAGGAT,MRHNA,ATGAGACATAATGCC,MYWYRQDLGLGLRLIHY,ATGTACTGGTATAGACAAGATCTAGGACTGGGGCTAAGGCTCATCCATTAT,SNTAGT,TCAAATACTGCAGGTACC,TGKGEVPDGYSVSRANTDDFPLTLASAVPSQTSVYF,ACTGGCAAAGGAGAAGTCCCTGATGGTTATAGTGTCTCCAGAGCAAACACAGATGATTTCCCCCTCACGTTGGCGTCTGCTGTACCCTCTCAGACATCTGTGTACTTC,CASSEQGTGELFF,TGTGCCAGCAGCGAACAGGGAACCGGGGAGCTGTTTTTT,GEGSRLTVL,GGAGAAGGCTCTAGGCTGACCGTACTGG,68136,7,clonotype27,clonotype27_consensus_1,1
GCTGCAGCACGACGAA-1,true,GCTGCAGCACGACGAA-1_contig_2,true,661,TRA,TRAV8-3,,TRAJ25,TRAC,true,true,AQSVTQPDIHITVSEGASLELRCNYS,GCCCAGTCAGTGACCCAGCCTGACATCCACATCACTGTCTCTGAAGGAGCCTCACTGGAGTTGAGATGTAACTATTCC,YGATPY,TATGGGGCAACACCTTAT,LFWYVQSPGQGLQLLLK,CTCTTCTGGTATGTCCAGTCCCCCGGCCAAGGCCTCCAGCTGCTCCTGAAG,YFSGDTLV,TACTTTTCAGGAGACACTCTGGTT,QGIKGFEAEFKRSQSSFNLRKPSVHWSDAAEYF,CAAGGCATTAAAGGCTTTGAGGCTGAATTTAAGAGGAGTCAATCTTCCTTCAATCTGAGGAAACCCTCTGTGCATTGGAGTGATGCTGCTGAGTACTTC,CAVGAQGQGFSFIF,TGTGCTGTGGGTGCGCAAGGACAAGGCTTCTCCTTTATCTTT,GKGTRLLVKP,GGGAAGGGGACAAGGCTGCTTGTCAAGCCAA,3786,1,clonotype27,clonotype27_consensus_2,1
GGACAGAAGTACACCT-1,true,GGACAGAAGTACACCT-1_contig_1,true,485,TRB,TRBV20-1,,TRBJ2-2,TRBC2,true,true,GAVVSQHPSWVICKSGTSVKIECRSL,GGTGCTGTCGTCTCTCAACATCCGAGCTGGGTTATCTGTAAGAGTGGAACCTCTGTGAAGATCGAGTGCCGTTCCCTG,DFQATT,GACTTTCAGGCCACAACT,MFWYRQFPKQSLMLMAT,ATGTTTTGGTATCGTCAGTTCCCGAAACAGAGTCTCATGCTGATGGCAACT,SNEGSKA,TCCAATGAGGGCTCCAAGGCC,TYEQGVEKDKFLINHASLTLSTLTVTSAHPEDSSFYI,ACATACGAGCAAGGCGTCGAGAAGGACAAGTTTCTCATCAACCATGCAAGCCTGACCTTGTCCACTCTGACAGTGACCAGTGCCCATCCTGAAGACAGCAGCTTCTACATC,CSAGRSSATGELFF,TGCAGTGCGGGGAGGAGTAGCGCCACCGGGGAGCTGTTTTTT,GEGSRLTVL,GGAGAAGGCTCTAGGCTGACCGTACTGG,72038,6,clonotype11,clonotype11_consensus_1,1
GGCCGATAGACTAGAT-1,true,GGCCGATAGACTAGAT-1_contig_1,true,456,TRA,TRAV13-1,,TRAJ43,TRAC,true,true,GENVEQHPSTLSVQEGDSAVIKCTYS,GGAGAGAATGTGGAGCAGCATCCTTCAACCCTGAGTGTCCAGGAGGGAGACAGCGCTGTTATCAAGTGTACTTATTCA,DSASNY,GACAGTGCCTCAAACTAC,FPWYKQELGKRPQLIID,TTCCCTTGGTATAAGCAAGAACTTGGAAAAAGACCTCAGCTTATTATAGAC,IRSNVGE,ATTCGTTCAAATGTGGGCGAA,KKDQRIAVTLNKTAKHFSLHITETQPEDSAVYF,AAGAAAGACCAACGAATTGCTGTTACATTGAACAAGACAGCCAAACATTTCTCCCTGCACATCACAGAGACCCAACCTGAAGACTCGGCTGTCTACTTC,CAASRKGNDMRF,TGTGCAGCAAGTAGAAAGGGCAATGACATGCGCTTT,GAGTRLTVKP,GGAGCAGGGACCAGACTGACAGTAAAACCAA,45360,4,clonotype63,clonotype63_consensus_2,1
GGCCGATAGACTAGAT-1,true,GGCCGATAGACTAGAT-1_contig_2,true,502,TRB,TRBV7-3,TRBD1,TRBJ2-7,TRBC2,true,true,GAGVSQTPSNKVTEKGKYVELRCDPI,GGTGCTGGAGTCTCCCAGACCCCCAGTAACAAGGTCACAGAGAAGGGAAAATATGTAGAGCTCAGGTGTGATCCAATT,SGHTA,TCAGGTCATACTGCC,LYWYRQSLGQGPEFLIY,CTTTACTGGTACCGACAAAGCCTGGGGCAGGGCCCAGAGTTTCTAATTTAC,FQGTGA,TTCCAAGGCACGGGTGCG,ADDSGLPNDRFFAVRPEGSVSTLKIQRTERGDSAVYL,GCAGATGACTCAGGGCTGCCCAACGATCGGTTCTTTGCAGTCAGGCCTGAGGGATCCGTCTCTACTCTGAAGATCCAGCGCACAGAGCGGGGGGACTCAGCCGTGTATCTC,CASSPGAKGYEQYF,TGTGCCAGCAGCCCAGGGGCAAAGGGCTACGAGCAGTACTTC,GPGTRLTVT,GGGCCGGGCACCAGGCTCACGGTCACAG,28406,4,clonotype63,clonotype63_consensus_1,1
GGCCGATGTATTACCG-1,true,GGCCGATGTATTACCG-1_contig_1,true,503,TRB,TRBV28,TRBD1,TRBJ1-2,TRBC1,true,true,DVKVTQSSRYLVKRTGEKVFLECVQD,GATGTGAAAGTAACCCAGAGCTCGAGATATCTAGTCAAAAGGACGGGAGAGAAAGTTTTTCTGGAATGTGTCCAGGAT,MDHEN,ATGGACCATGAAAAT,MFWYRQDPGLGLRLIYF,ATGTTCTGGTATCGACAAGACCCAGGTCTGGGGCTACGGCTGATCTATTTC,SYDVKM,TCATATGATGTTAAAATG,KEKGDIPEGYSVSREKKERFSLILESASTNQTSMYL,AAAGAAAAAGGAGATATTCCTGAGGGGTACAGTGTCTCTAGAGAGAAGAAGGAGCGCTTCTCCCTGATTCTGGAGTCCGCCAGCACCAACCAGACATCTATGTACCTC,CASGDRGLYGYTF,TGTGCCAGCGGCGACAGGGGCCTCTATGGCTACACCTTC,GSGTRLTVV,GGTTCGGGGACCAGGTTAACCGTTGTAG,50127,4,clonotype20,clonotype20_consensus_1,1
GGGCACTAGACTCGGA-1,true,GGGCACTAGACTCGGA-1_contig_1,true,498,TRB,TRBV27,,TRBJ2-1,TRBC2,true,true,EAQVTQNPRYLITVTGKKLTVTCSQN,GAAGCCCAAGTGACCCAGAACCCAAGATACCTCATCACAGTGACTGGAAAGAAGTTAACAGTGACTTGTTCTCAGAAT,MNHEY,ATGAACCATGAGTAT,MSWYRQDPGLGLRQIYY,ATGTCCTGGTATCGACAAGACCCAGGGCTGGGCTTAAGGCAGATCTACTAT,SMNVEV,TCAATGAATGTTGAGGTG,TDKGDVPEGYKVSRKEKRNFPLILESPSPNQTSLYF,ACTGATAAGGGAGATGTTCCTGAAGGGTACAAAGTCTCTCGAAAAGAGAAGAGGAATTTCCCCCTGATCCTGGAGTCGCCCAGCCCCAACCAGACCTCTCTGTACTTC,CASSALAVRSYNEQFF,TGTGCCAGCAGCGCTTTAGCGGTGAGGTCCTACAATGAGCAGTTCTTC,GPGTRLTVL,GGGCCAGGGACACGGCTCACCGTGCTAG,62135,14,clonotype80,clonotype80_consensus_1,1
GGGCATCGTCCTCCAT-1,true,GGGCATCGTCCTCCAT-1_contig_1,true,481,TRB,TRBV2,,TRBJ1-2,TRBC1,true,true,EPEVTQTPSHQVTQMGQEVILRCVPI,GAACCTGAAGTCACCCAGACTCCCAGCCATCAGGTCACACAGATGGGACAGGAAGTGATCTTGCGCTGTGTCCCCATC,SNHLY,TCTAATCACTTATAC,FYWYRQILGQKVEFLVS,TTCTATTGGTACAGACAAATCTTGGGGCAGAAAGTCGAGTTTCTGGTTTCC,FYNNEI,TTTTATAATAATGAAATC,SEKSEIFDDQFSVERPDGSNFTLKIRSTKLEDSAMYF,TCAGAGAAGTCTGAAATATTCGATGATCAATTCTCAGTTGAAAGGCCTGATGGATCAAATTTCACTCTGAAGATCCGGTCCACAAAGCTGGAGGACTCAGCCATGTACTTC,CASSVSPSTAKHGYTF,TGTGCCAGCAGTGTTTCCCCGTCCACAGCGAAACATGGCTACACCTTC,GSGTRLTVV,GGTTCGGGGACCAGGTTAACCGTTGTAG,34292,4,clonotype86,clonotype86_consensus_1,1
GGGTTGCAGCGTGTCC-1,true,GGGTTGCAGCGTGTCC-1_contig_1,true,499,TRA,TRAV20,,TRAJ49,TRAC,true,true,EDQVTQSPEALRLQEGESSSLNCSYT,GAAGACCAGGTGACGCAGAGTCCCGAGGCCCTGAGACTCCAGGAGGGAGAGAGTAGCAGTCTCAACTGCAGTTACACA,VSGLRG,GTCAGCGGTTTAAGAGGG,LFWYRQDPGKGPEFLFT,CTGTTCTGGTATAGGCAAGATCCTGGGAAAGGCCCTGAATTCCTCTTCACC,LYSAGEE,CTGTATTCAGCTGGGGAAGAA,KEKERLKATLTKKESFLHITAPKPEDSATYL,AAGGAGAAAGAAAGGCTAAAAGCCACATTAACAAAGAAGGAAAGCTTTCTGCACATCACAGCCCCTAAACCTGAAGACTCAGCCACTTATCTC,CAVWSRNQFYF,TGTGCTGTGTGGTCCCGTAACCAGTTCTATTTT,GTGTSLTVIP,GGGACAGGGACAAGTTTGACGGTCATTCCAA,24233,4,clonotype24,clonotype24_consensus_2,1
GGGTTGCAGCGTGTCC-1,true,GGGTTGCAGCGTGTCC-1_contig_2,true,516,TRB,TRBV6-4,,TRBJ1-1,TRBC1,true,true,IAGITQAPTSQILAAGRRMTLRCTQD,ATTGCTGGGATCACCCAGGCACCAACATCTCAGATCCTGGCAGCAGGACGGCGCATGACACTGAGATGTACCCAGGAT,MRHNA,ATGAGACATAATGCC,MYWYRQDLGLGLRLIHY,ATGTACTGGTATAGACAAGATCTAGGACTGGGGCTAAGGCTCATCCATTAT,SNTAGT,TCAAATACTGCAGGTACC,TGKGEVPDGYSVSRANTDDFPLTLASAVPSQTSVYF,ACTGGCAAAGGAGAAGTCCCTGATGGTTATAGTGTCTCCAGAGCAAACACAGATGATTTCCCCCTCACGTTGGCGTCTGCTGTACCCTCTCAGACATCTGTGTACTTC,CASSDRQNTEAFF,TGTGCCAGCAGTGACCGACAGAACACTGAAGCTTTCTTT,GQGTRLTVV,GGACAAGGCACCAGACTCACAGTTGTAG,44229,7,clonotype24,clonotype24_consensus_1,1
GTAACTGTCAGTGCAT-1,true,GTAACTGTCAGTGCAT-1_contig_1,true,507,TRB,TRBV20-1,,TRBJ2-6,TRBC2,true,true,GAVVSQHPSWVICKSGTSVKIECRSL,GGTGCTGTCGTCTCTCAACATCCGAGCTGGGTTATCTGTAAGAGTGGAACCTCTGTGAAGATCGAGTGCCGTTCCCTG,DFQATT,GACTTTCAGGCCACAACT,MFWYRQFPKQSLMLMAT,ATGTTTTGGTATCGTCAGTTCCCGAAACAGAGTCTCATGCTGATGGCAACT,SNEGSKA,TCCAATGAGGGCTCCAAGGCC,TYEQGVEKDKFLINHASLTLSTLTVTSAHPEDSSFYI,ACATACGAGCAAGGCGTCGAGAAGGACAAGTTTCTCATCAACCATGCAAGCCTGACCTTGTCCACTCTGACAGTGACCAGTGCCCATCCTGAAGACAGCAGCTTCTACATC,CSADFSSSGSGANVLTF,TGCAGTGCCGATTTTTCCTCTAGCGGCTCTGGGGCCAACGTCCTGACTTTC,GAGSRLTVL,GGGGCCGGCAGCAGGCTGACCGTGCTGG,38638,4,clonotype61,clonotype61_consensus_1,1
GTAACTGTCAGTGCAT-1,true,GTAACTGTCAGTGCAT-1_contig_2,true,545,TRA,TRAV26-1,,TRAJ49,TRAC,true,true,DAKTTQPTSMDCAEGRAANLPCNHS,GATGCTAAGACCACCCAGCCCACCTCCATGGATTGCGCTGAAGGAAGAGCTGCAAACCTGCCTTGTAATCACTCT,TISGNEY,ACCATCAGTGGAAATGAGTAT,VYWYRQIHSQGPQYIIH,GTGTATTGGTATCGACAGATTCACTCCCAGGGGCCACAGTATATCATTCAT,GLKNN,GGTCTAAAAAACAAT,ETNEMASLIITEDRKSSTLILPHATLRDTAVYY,GAAACCAATGAAATGGCCTCTCTGATCATCACAGAAGACAGAAAGTCCAGCACCTTGATCCTGCCCCACGCTACGCTGAGAGACACTGCTGTGTACTAT,CIVRVARTGNQFYF,TGCATCGTCAGAGTCGCAAGGACCGGTAACCAGTTCTATTTT,GTGTSLTVIP,GGGACAGGGACAAGTTTGACGGTCATTCCAA,12158,1,clonotype61,clonotype61_consensus_2,1
GTCACAATCAAAGACA-1,true,GTCACAATCAAAGACA-1_contig_1,true,504,TRB,TRBV6-6,TRBD2,TRBJ2-5,TRBC2,true,true,NAGVTQTPKFRILKIGQSMTLQCTQD,AATGCTGGTGTCACTCAGACCCCAAAATTCCGCATCCTGAAGATAGGACAGAGCATGACACTGCAGTGTACCCAGGAT,MNHNY,ATGAACCATAACTAC,MYWYRQDPGMGLKLIYY,ATGTACTGGTATCGACAAGACCCAGGCATGGGGCTGAAGCTGATTTATTAT,SVGAGI,TCAGTTGGTGCTGGTATC,TDKGEVPNGYNVSRSTTEDFPLRLELAAPSQTSVYF,ACTGATAAAGGAGAAGTCCCGAATGGCTACAACGTCTCCAGATCAACCACAGAGGATTTCCCGCTCAGGCTGGAGTTGGCTGCTCCCTCCCAGACATCTGTGTACTTC,CASRGTSGIPIGETQYF,TGTGCCAGCAGAGGGACTAGCGGGATCCCAATCGGGGAGACCCAGTACTTC,GPGTRLLVL,GGGCCAGGCACGCGGCTCCTGGTGCTCG,65975,28,clonotype89,clonotype89_consensus_1,1
GTCACAATCAAAGACA-1,true,GTCACAATCAAAGACA-1_contig_2,true,474,TRA,TRAV38-1,,TRAJ56,TRAC,true,true,AQTVTQSQPEMSVQEAETVTLSCTYD,GCCCAGACAGTCACTCAGTCTCAACCAGAGATGTCTGTGCAGGAGGCAGAGACTGTGACCCTGAGTTGCACATATGAC,TSESNYY,ACCAGTGAGAGTAATTATTAT,LFWYKQPPSRQMILVIR,TTGTTCTGGTACAAACAGCCTCCCAGCAGGCAGATGATTCTCGTTATTCGC,QEAYKQQN,CAAGAAGCTTATAAGCAACAGAAT,ATENRFSVNFQKAAKSFSLKISDSQLGDTAMYF,GCAACGGAGAATCGTTTCTCTGTGAACTTCCAGAAAGCAGCCAAATCCTTCAGTCTCAAGATCTCAGACTCACAGCTGGGGGACACTGCGATGTATTTC,CAFSTGANSKLTF,TGTGCTTTTTCAACTGGAGCCAATAGTAAGCTGACATTT,GKGITLSVRP,GGAAAAGGAATAACTCTGAGTGTTAGACCAG,6423,2,clonotype89,clonotype89_consensus_2,1
GTCACGGAGCAATATG-1,true,GTCACGGAGCAATATG-1_contig_1,true,517,TRA,TRAV14/DV4,,TRAJ43,TRAC,true,true,AQKITQTQPGMFVQEKEAVTLDCTYD,GCCCAGAAGATAACTCAAACCCAACCAGGAATGTTCGTGCAGGAAAAGGAGGCTGTGACTCTGGACTGCACATATGAC,TSDPSYG,ACCAGTGATCCAAGTTATGGT,LFWYKQPSSGEMIFLIY,CTATTCTGGTACAAGCAGCCCAGCAGTGGGGAAATGATTTTTCTTATTTAT,QGSYDQQN,CAGGGGTCTTATGACCAGCAAAAT,ATEGRYSLNFQKARKSANLVISASQLGDSAMYF,GCAACAGAAGGTCGCTACTCATTGAATTTCCAGAAGGCAAGAAAATCCGCCAACCTTGTCATCTCCGCTTCACAACTGGGGGACTCAGCAATGTATTTC,CAMRYNNNDMRF,TGTGCAATGAGATACAATAACAATGACATGCGCTTT,GAGTRLTVKP,GGAGCAGGGACCAGACTGACAGTAAAACCAA,21352,3,clonotype29,clonotype29_consensus_2,1
GTCACGGAGCAATATG-1,true,GTCACGGAGCAATATG-1_contig_2,true,507,TRB,TRBV11-2,,TRBJ2-3,TRBC2,true,true,EAGVAQSPRYKIIEKRQSVAFWCNPI,GAAGCTGGAGTTGCCCAGTCTCCCAGATATAAGATTATAGAGAAAAGGCAGAGTGTGGCTTTTTGGTGCAATCCTATA,SGHAT,TCTGGCCATGCTACC,LYWYQQILGQGPKLLIQ,CTTTACTGGTACCAGCAGATCCTGGGACAGGGCCCAAAGCTTCTGATTCAG,FQNNGV,TTTCAGAATAACGGTGTA,VDDSQLPKDRFSAERLKGVDSTLKIQPAKLEDSAVYL,GTGGATGATTCACAGTTGCCTAAGGATCGATTTTCTGCAGAGAGGCTCAAAGGAGTAGACTCCACTCTCAAGATCCAGCCTGCAAAGCTTGAGGACTCGGCCGTGTATCTC,CASSSSTDTQYF,TGTGCCAGCAGCTCGAGCACAGATACGCAGTATTTT,GPGTRLTVL,GGCCCAGGCACCCGGCTGACAGTGCTCG,13531,1,clonotype29,clonotype29_consensus_1,1
GTGCTTCAGCTTTGGT-1,true,GTGCTTCAGCTTTGGT-1_contig_1,true,476,TRB,TRBV27,,TRBJ2-7,TRBC2,true,true,EAQVTQNPRYLITVTGKKLTVTCSQN,GAAGCCCAAGTGACCCAGAACCCAAGATACCTCATCACAGTGACTGGAAAGAAGTTAACAGTGACTTGTTCTCAGAAT,MNHEY,ATGAACCATGAGTAT,MSWYRQDPGLGLRQIYY,ATGTCCTGGTATCGACAAGACCCAGGGCTGGGCTTAAGGCAGATCTACTAT,SMNVEV,TCAATGAATGTTGAGGTG,TDKGDVPEGYKVSRKEKRNFPLILESPSPNQTSLYF,ACTGATAAGGGAGATGTTCCTGAAGGGTACAAAGTCTCTCGAAAAGAGAAGAGGAATTTCCCCCTGATCCTGGAGTCGCCCAGCCCCAACCAGACCTCTCTGTACTTC,CASSLDRSYEQYF,TGTGCCAGCAGTTTGGACAGGTCCTACGAGCAGTACTTC,GPGTRLTVT,GGGCCGGGCACCAGGCTCACGGTCACAG,28434,4,clonotype32,clonotype32_consensus_1,1
GTGCTTCAGCTTTGGT-1,true,GTGCTTCAGCTTTGGT-1_contig_2,true,564,TRA,TRAV19,,TRAJ37,TRAC,true,true,AQKVTQAQTEISVVEKEDVTLDCVYE,GCTCAGAAGGTAACTCAAGCGCAGACTGAAATTTCTGTGGTGGAGAAGGAGGATGTGACCTTGGACTGTGTGTATGAA,TRDTTYY,ACCCGTGATACTACTTATTAC,LFWYKQPPSGELVFLIR,TTATTCTGGTACAAGCAACCACCAAGTGGAGAATTGGTTTTCCTTATTCGT,RNSFDEQN,CGGAACTCTTTTGATGAGCAAAAT,EISGRYSWNFQKSTSSFNFTITASQVVDSAVYF,GAAATAAGTGGTCGGTATTCTTGGAACTTCCAGAAATCCACCAGTTCCTTCAACTTCACCATCACAGCCTCACAAGTCGTGGACTCAGCAGTATACTTC,CALSEALGSSNTGKLIF,TGTGCTCTGAGTGAGGCGCTAGGCTCTAGCAACACAGGCAAACTAATCTTT,GQGTTLQVKP,GGGCAAGGGACAACTTTACAAGTAAAACCAG,23769,2,clonotype32,clonotype32_consensus_2,1
GTGCTTCGTATGAATG-1,true,GTGCTTCGTATGAATG-1_contig_1,true,498,TRB,TRBV6-6,TRBD1,TRBJ2-2,TRBC2,true,true,NAGVTQTPKFRILKIGQSMTLQCTQD,AATGCTGGTGTCACTCAGACCCCAAAATTCCGCATCCTGAAGATAGGACAGAGCATGACACTGCAGTGTACCCAGGAT,MNHNY,ATGAACCATAACTAC,MYWYRQDPGMGLKLIYY,ATGTACTGGTATCGACAAGACCCAGGCATGGGGCTGAAGCTGATTTATTAT,SVGAGI,TCAGTTGGTGCTGGTATC,TDKGEVPNGYNVSRSTTEDFPLRLELAAPSQTSVYF,ACTGATAAAGGAGAAGTCCCGAATGGCTACAACGTCTCCAGATCAACCACAGAGGATTTCCCGCTCAGGCTGGAGTTGGCTGCTCCCTCCCAGACATCTGTGTACTTC,CASTPGQRSTGELFF,TGTGCCAGCACTCCGGGACAGAGATCCACCGGGGAGCTGTTTTTT,GEGSRLTVL,GGAGAAGGCTCTAGGCTGACCGTACTGG,48150,3,clonotype66,clonotype66_consensus_1,1
GTGCTTCGTATGAATG-1,true,GTGCTTCGTATGAATG-1_contig_2,true,484,TRA,TRAV10,,TRAJ44,TRAC,true,true,KNQVEQSPQSLIILEGKNCTLQCNYT,AAAAACCAAGTGGAGCAGAGTCCTCAGTCCCTGATCATCCTGGAGGGAAAGAACTGCACTCTTCAATGCAATTATACA,VSPFSN,GTGAGCCCCTTCAGCAAC,LRWYKQDTGRGPVSLTI,TTAAGGTGGTATAAGCAAGATACTGGGAGAGGTCCTGTTTCCCTGACAATC,MTFSENT,ATGACTTTCAGTGAGAACACA,KSNGRYTATLDADTKQSSLHITASQLSDSASYI,AAGTCGAACGGAAGATATACAGCAACTCTGGATGCAGACACAAAGCAAAGCTCTCTGCACATCACAGCCTCCCAGCTCAGCGATTCAGCCTCCTACATC,CVVRGGTGTASKLTF,TGTGTGGTGAGGGGAGGGACCGGCACTGCCAGTAAACTCACCTTT,GTGTRLQVTL,GGGACTGGAACAAGACTTCAGGTCACGCTCG,22240,2,clonotype66,clonotype66_consensus_2,1
GTTAAGCGTCCGAACC-1,true,GTTAAGCGTCCGAACC-1_contig_1,true,485,TRB,TRBV24-1,,TRBJ2-3,TRBC2,true,true,DADVTQTPRNRITKTGKRIMLECSQT,GATGCTGATGTTACCCAGACCCCAAGGAATAGGATCACAAAGACAGGAAAGAGGATTATGCTGGAATGTTCTCAGACT,KGHDR,AAGGGTCATGATAGA,MYWYRQDPGLGLRLIYY,ATGTACTGGTATCGACAAGACCCAGGACTGGGCCTACGGTTGATCTATTAC,SFDVKD,TCCTTTGATGTCAAAGAT,INKGEISDGYSVSRQAQAKFSLSLESAIPNQTALYF,ATAAACAAAGGAGAGATCTCTGATGGATACAGTGTCTCTCGACAGGCACAGGCTAAATTCTCCCTGTCCCTAGAGTCTGCCATCCCCAACCAGACAGCTCTTTACTTC,CATSDSDSTDTQYF,TGTGCCACCAGTGATTCCGACTCCACAGATACGCAGTATTTT,GPGTRLTVL,GGCCCAGGCACCCGGCTGACAGTGCTCG,67007,5,clonotype39,clonotype39_consensus_1,1
GTTCGGGCAACCGCCA-1,true,GTTCGGGCAACCGCCA-1_contig_1,true,475,TRB,TRBV2,TRBD2,TRBJ2-3,TRBC2,true,true,EPEVTQTPSHQVTQMGQEVILRCVPI,GAACCTGAAGTCACCCAGACTCCCAGCCATCAGGTCACACAGATGGGACAGGAAGTGATCTTGCGCTGTGTCCCCATC,SNHLY,TCTAATCACTTATAC,FYWYRQILGQKVEFLVS,TTCTATTGGTACAGACAAATCTTGGGGCAGAAAGTCGAGTTTCTGGTTTCC,FYNNEI,TTTTATAATAATGAAATC,SEKSEIFDDQFSVERPDGSNFTLKIRSTKLEDSAMYF,TCAGAGAAGTCTGAAATATTCGATGATCAATTCTCAGTTGAAAGGCCTGATGGATCAAATTTCACTCTGAAGATCCGGTCCACAAAGCTGGAGGACTCAGCCATGTACTTC,CASGTSERAHTQYF,TGTGCCAGCGGGACTAGCGAGAGGGCCCATACGCAGTATTTT,GPGTRLTVL,GGCCCAGGCACCCGGCTGACAGTGCTCG,38335,3,clonotype55,clonotype55_consensus_1,1
TAAACCGAGATCCCAT-1,true,TAAACCGAGATCCCAT-1_contig_1,true,463,TRB,TRBV9,,TRBJ1-1,TRBC1,true,true,DSGVTQTPKHLITATGQRVTLRCSPR,GATTCTGGAGTCACACAAACCCCAAAGCACCTGATCACAGCAACTGGACAGCGAGTGACGCTGAGATGCTCCCCTAGG,SGDLS,TCTGGAGACCTCTCT,VYWYQQSLDQGLQFLIQ,GTGTACTGGTACCAACAGAGCCTGGACCAGGGCCTCCAGTTCCTCATTCAG,YYNGEE,TATTATAATGGAGAAGAG,RAKGNILERFSAQQFPDLHSELNLSSLELGDSALYF,AGAGCAAAAGGAAACATTCTTGAACGATTCTCCGCACAACAGTTCCCTGACTTGCACTCTGAACTAAACCTGAGCTCTCTGGAGCTGGGGGACTCAGCTTTGTATTTC,CASSVSWNTEAFF,TGTGCCAGCAGCGTGAGTTGGAACACTGAAGCTTTCTTT,GQGTRLTVV,GGACAAGGCACCAGACTCACAGTTGTAG,20811,2,clonotype22,clonotype22_consensus_1,1
TACACGAGTGCCTGCA-1,true,TACACGAGTGCCTGCA-1_contig_1,true,535,TRB,TRBV7-8,,TRBJ2-1,TRBC2,true,true,GAGVSQSPRYKVAKRGQDVALRCDPI,GGTGCTGGAGTCTCCCAGTCCCCTAGGTACAAAGTCGCAAAGAGAGGACAGGATGTAGCTCTCAGGTGTGATCCAATT,SGHVS,TCGGGTCATGTATCC,LFWYQQALGQGPEFLTY,CTTTTTTGGTACCAACAGGCCCTGGGGCAGGGGCCAGAGTTTCTGACTTAT,FQNEAQ,TTCCAGAATGAAGCTCAA,LDKSGLPSDRFFAERPEGSVSTLKIQRTQQEDSAVYL,CTAGACAAATCGGGGCTGCCCAGTGATCGCTTCTTTGCAGAAAGGCCTGAGGGATCCGTCTCCACTCTGAAGATCCAGCGCACACAGCAGGAGGACTCCGCCGTGTATCTC,CASSSTSGRINEQFF,TGTGCCAGCAGCTCAACTAGCGGGAGAATTAATGAGCAGTTCTTC,GPGTRLTVL,GGGCCAGGGACACGGCTCACCGTGCTAG,54444,5,clonotype79,clonotype79_consensus_1,1
TACAGTGTCCAAACAC-1,true,TACAGTGTCCAAACAC-1_contig_1,true,481,TRB,TRBV5-6,,TRBJ2-7,TRBC2,true,true,DAGVTQSPTHLIKTRGQQVTLRCSPK,GACGCTGGAGTCACCCAAAGTCCCACACACCTGATCAAAACGAGAGGACAGCAAGTGACTCTGAGATGCTCTCCTAAG,SGHDT,TCTGGGCATGACACT,VSWYQQALGQGPQFIFQ,GTGTCCTGGTACCAACAGGCCCTGGGTCAGGGGCCCCAGTTTATCTTTCAG,YYEEEE,TATTATGAGGAGGAAGAG,RQRGNFPDRFSGHQFPNYSSELNVNALLLGDSALYL,AGACAGAGAGGCAACTTCCCTGATCGATTCTCAGGTCACCAGTTCCCTAACTATAGCTCTGAGCTGAATGTGAACGCCTTGTTGCTGGGGGACTCGGCCCTCTATCTC,CASSLMGLAAYEQYF,TGTGCCAGCAGCTTGATGGGACTAGCCGCCTACGAGCAGTACTTC,GPGTRLTVT,GGGCCGGGCACCAGGCTCACGGTCACAG,39539,4,clonotype68,clonotype68_consensus_1,1
TACAGTGTCCAAACAC-1,true,TACAGTGTCCAAACAC-1_contig_2,true,529,TRA,TRAV14/DV4,,TRAJ58,TRAC,true,true,AQKITQTQPGMFVQEKEAVTLDCTYD,GCCCAGAAGATAACTCAAACCCAACCAGGAATGTTCGTGCAGGAAAAGGAGGCTGTGACTCTGGACTGCACATATGAC,TSDPSYG,ACCAGTGATCCAAGTTATGGT,LFWYKQPSSGEMIFLIY,CTATTCTGGTACAAGCAGCCCAGCAGTGGGGAAATGATTTTTCTTATTTAT,QGSYDQQN,CAGGGGTCTTATGACCAGCAAAAT,ATEGRYSLNFQKARKSANLVISASQLGDSAMYF,GCAACAGAAGGTCGCTACTCATTGAATTTCCAGAAGGCAAGAAAATCCGCCAACCTTGTCATCTCCGCTTCACAACTGGGGGACTCAGCAATGTATTTC,CAMREKQETSGSRLTF,TGTGCAATGAGAGAGAAACAAGAAACCAGTGGCTCTAGGTTGACCTTT,GEGTQLTVNP,GGGGAAGGAACACAGCTCACAGTGAATCCTG,12226,1,clonotype68,clonotype68_consensus_2,1
TACGGATAGATCTGCT-1,true,TACGGATAGATCTGCT-1_contig_1,true,530,TRB,TRBV20-1,,TRBJ2-7,TRBC2,true,true,GAVVSQHPSWVICKSGTSVKIECRSL,GGTGCTGTCGTCTCTCAACATCCGAGCTGGGTTATCTGTAAGAGTGGAACCTCTGTGAAGATCGAGTGCCGTTCCCTG,DFQATT,GACTTTCAGGCCACAACT,MFWYRQFPKQSLMLMAT,ATGTTTTGGTATCGTCAGTTCCCGAAACAGAGTCTCATGCTGATGGCAACT,SNEGSKA,TCCAATGAGGGCTCCAAGGCC,TYEQGVEKDKFLINHASLTLSTLTVTSAHPEDSSFYI,ACATACGAGCAAGGCGTCGAGAAGGACAAGTTTCTCATCAACCATGCAAGCCTGACCTTGTCCACTCTGACAGTGACCAGTGCCCATCCTGAAGACAGCAGCTTCTACATC,CSARDPITRGLPYEQYF,TGCAGTGCTAGAGATCCAATTACGCGGGGTCTCCCCTACGAGCAGTACTTC,GPGTRLTVT,GGGCCGGGCACCAGGCTCACGGTCACAG,46672,3,clonotype52,clonotype52_consensus_1,1
TAGGCATCAGACAAAT-1,true,TAGGCATCAGACAAAT-1_contig_1,true,530,TRB,TRBV20-1,TRBD2,TRBJ2-3,TRBC2,true,true,GAVVSQHPSWVICKSGTSVKIECRSL,GGTGCTGTCGTCTCTCAACATCCGAGCTGGGTTATCTGTAAGAGTGGAACCTCTGTGAAGATCGAGTGCCGTTCCCTG,DFQATT,GACTTTCAGGCCACAACT,MFWYRQFPKQSLMLMAT,ATGTTTTGGTATCGTCAGTTCCCGAAACAGAGTCTCATGCTGATGGCAACT,SNEGSKA,TCCAATGAGGGCTCCAAGGCC,TYEQGVEKDKFLINHASLTLSTLTVTSAHPEDSSFYI,ACATACGAGCAAGGCGTCGAGAAGGACAAGTTTCTCATCAACCATGCAAGCCTGACCTTGTCCACTCTGACAGTGACCAGTGCCCATCCTGAAGACAGCAGCTTCTACATC,CSAPLAGGPRYKDTQYF,TGCAGTGCTCCACTAGCGGGAGGGCCAAGGTATAAGGATACGCAGTATTTT,GPGTRLTVL,GGCCCAGGCACCCGGCTGACAGTGCTCG,68014,8,clonotype53,clonotype53_consensus_1,1
TATTACCGTCTCCCTA-1,true,TATTACCGTCTCCCTA-1_contig_1,true,505,TRB,TRBV7-2,,TRBJ1-2,TRBC1,true,true,GAGVSQSPSNKVTEKGKDVELRCDPI,GGAGCTGGAGTCTCCCAGTCCCCCAGTAACAAGGTCACAGAGAAGGGAAAGGATGTAGAGCTCAGGTGTGATCCAATT,SGHTA,TCAGGTCATACTGCC,LYWYRQRLGQGLEFLIY,CTTTACTGGTACCGACAGAGGCTGGGGCAGGGCCTGGAGTTTTTAATTTAC,FQGNSA,TTCCAAGGCAACAGTGCA,PDKSGLPSDRFSAERTGESVSTLTIQRTQQEDSAVYL,CCAGACAAATCAGGGCTGCCCAGTGATCGCTTCTCTGCAGAGAGGACTGGGGAATCCGTCTCCACTCTGACGATCCAGCGCACACAGCAGGAGGACTCGGCCGTGTATCTC,CASSLGNRQPNYGYTF,TGTGCCAGCAGCTTAGGAAATCGGCAACCCAACTATGGCTACACCTTC,GSGTRLTVV,GGTTCGGGGACCAGGTTAACCGTTGTAG,52417,5,clonotype88,clonotype88_consensus_1,1
TCAGGATGTTCGGCAC-1,true,TCAGGATGTTCGGCAC-1_contig_1,true,527,TRB,TRBV7-9,,TRBJ1-1,TRBC1,true,true,DTGVSQDPRHKITKRGQNVTFRCDPI,GATACTGGAGTCTCCCAGGACCCCAGACACAAGATCACAAAGAGGGGACAGAATGTAACTTTCAGGTGTGATCCAATT,SEHNR,TCTGAACACAACCGC,LYWYRQTLGQGPEFLTY,CTTTATTGGTACCGACAGACCCTGGGGCAGGGCCCAGAGTTTCTGACTTAC,FQNEAQ,TTCCAGAATGAAGCTCAA,LEKSRLLSDRFSAERPKGSFSTLEIQRTEQGDSAMYL,CTAGAAAAATCAAGGCTGCTCAGTGATCGGTTCTCTGCAGAGAGGCCTAAGGGATCTTTCTCCACCTTGGAGATCCAGCGCACAGAGCAGGGGGACTCGGCCATGTATCTC,CASSSSPVFQGTEAFF,TGTGCCAGCAGCTCCTCACCGGTCTTCCAGGGGACTGAAGCTTTCTTT,GQGTRLTVV,GGACAAGGCACCAGACTCACAGTTGTAG,52961,4,clonotype90,clonotype90_consensus_1,1
TCAGGATGTTCGGCAC-1,true,TCAGGATGTTCGGCAC-1_contig_2,true,494,TRA,TRAV38-2/DV8,,TRAJ45,TRAC,true,true,AQTVTQSQPEMSVQEAETVTLSCTYD,GCTCAGACAGTCACTCAGTCTCAACCAGAGATGTCTGTGCAGGAGGCAGAGACCGTGACCCTGAGCTGCACATATGAC,TSESDYY,ACCAGTGAGAGTGATTATTAT,LFWYKQPPSRQMILVIR,TTATTCTGGTACAAGCAGCCTCCCAGCAGGCAGATGATTCTCGTTATTCGC,QEAYKQQN,CAAGAAGCTTATAAGCAACAGAAT,ATENRFSVNFQKAAKSFSLKISDSQLGDAAMYF,GCAACAGAGAATCGTTTCTCTGTGAACTTCCAGAAAGCAGCCAAATCCTTCAGTCTCAAGATCTCAGACTCACAGCTGGGGGATGCCGCGATGTATTTC,CAYRGAGGADGLTF,TGTGCTTATAGGGGAGCCGGGGGTGCTGACGGACTCACCTTT,GKGTHLIIQP,GGCAAAGGGACTCATCTAATCATCCAGCCCT,226,7,clonotype90,clonotype90_consensus_2,1
TCCACACGTTCAGTAC-1,true,TCCACACGTTCAGTAC-1_contig_1,true,604,TRB,TRBV19,TRBD1,TRBJ2-1,TRBC2,true,true,DGGITQSPKYLFRKEGQNVTLSCEQN,GATGGTGGAATCACTCAGTCCCCAAAGTACCTGTTCAGAAAGGAAGGACAGAATGTGACCCTGAGTTGTGAACAGAAT,LNHDA,TTGAACCACGATGCC,MYWYRQDPGQGLRLIYY,ATGTACTGGTACCGACAGGACCCAGGGCAAGGGCTGAGATTGATCTACTAC,SQIVND,TCACAGATAGTAAATGAC,FQKGDIAEGYSVSREKKEYFPLTVTSAQKNPTAFYL,TTTCAGAAAGGAGATATAGCTGAAGGGTACAGCGTCTCTCGGGAGAAGAAGGAATACTTTCCTCTCACTGTGACATCGGCCCAAAAGAACCCGACAGCTTTCTATCTC,CASKEQGVDEQFF,TGTGCCAGTAAGGAACAAGGGGTGGATGAGCAGTTCTTC,GPGTRLTVL,GGGCCAGGGACACGGCTCACCGTGCTAG,20931,3,clonotype25,clonotype25_consensus_1,1
TCCACACGTTCAGTAC-1,true,TCCACACGTTCAGTAC-1_contig_2,true,508,TRA,TRAV21,,TRAJ23,TRAC,true,true,KQEVTQIPAALSVPEGENLVLNCSFT,AAACAGGAGGTGACGCAGATTCCTGCAGCTCTGAGTGTCCCAGAAGGAGAAAACTTGGTTCTCAACTGCAGTTTCACT,DSAIYN,GATAGCGCTATTTACAAC,LQWFRQDPGKGLTSLLL,CTCCAGTGGTTTAGGCAGGACCCTGGGAAAGGTCTCACATCTCTGTTGCTT,IQSSQRE,ATTCAGTCAAGTCAGAGAGAG,QTSGRLNASLDKSSGRSTLYIAASQPGDSATYL,CAAACAAGTGGAAGACTTAATGCCTCGCTGGATAAATCATCAGGACGTAGTACTTTATACATTGCAGCTTCTCAGCCTGGTGACTCAGCCACCTACCTC,CAGRNQGGKLIF,TGTGCCGGGAGGAACCAGGGAGGAAAGCTTATCTTC,GQGTELSVKP,GGACAGGGAACGGAGTTATCTGTGAAACCCA,4384,2,clonotype25,clonotype25_consensus_2,1
TCGAGGCCACGGTAAG-1,true,TCGAGGCCACGGTAAG-1_contig_1,true,508,TRB,TRBV12-4,,TRBJ2-3,TRBC2,true,true,DAGVIQSPRHEVTEMGQEVTLRCKPI,GATGCTGGAGTTATCCAGTCACCCCGGCACGAGGTGACAGAGATGGGACAAGAAGTGACTCTGAGATGTAAACCAATT,SGHDY,TCAGGACACGACTAC,LFWYRQTMMRGLELLIY,CTTTTCTGGTACAGACAGACCATGATGCGGGGACTGGAGTTGCTCATTTAC,FNNNVP,TTTAACAACAACGTTCCG,IDDSGMPEDRFSAKMPNASFSTLKIQPSEPRDSAVYF,ATAGATGATTCAGGGATGCCCGAGGATCGATTCTCAGCTAAGATGCCTAATGCATCATTCTCCACTCTGAAGATCCAGCCCTCAGAACCCAGGGACTCAGCTGTGTACTTC,CASRGRGTDTQYF,TGTGCCAGCAGGGGCAGGGGCACAGATACGCAGTATTTT,GPGTRLTVL,GGCCCAGGCACCCGGCTGACAGTGCTCG,26346,3,clonotype38,clonotype38_consensus_1,1
TCGCGTTCAAGCGTAG-1,true,TCGCGTTCAAGCGTAG-1_contig_1,true,481,TRB,TRBV4-1,,TRBJ2-7,TRBC2,true,true,DTEVTQTPKHLVMGMTNKKSLKCEQH,GACACTGAAGTTACCCAGACACCAAAACACCTGGTCATGGGAATGACAAATAAGAAGTCTTTGAAATGTGAACAACAT,MGHRA,ATGGGGCACAGGGCT,MYWYKQKAKKPPELMFV,ATGTATTGGTACAAGCAGAAAGCTAAGAAGCCACCGGAGCTCATGTTTGTC,YSYEKL,TACAGCTATGAGAAACTC,SINESVPSRFSPECPNSSLLNLHLHALQPEDSALYL,TCTATAAATGAAAGTGTGCCAAGTCGCTTCTCACCTGAATGCCCCAACAGCTCTCTCTTAAACCTTCACCTACACGCCCTGCAGCCAGAAGACTCAGCCCTGTATCTC,CASSLYRLGVYEQYF,TGCGCCAGCAGCCTTTACCGACTAGGGGTCTACGAGCAGTACTTC,GPGTRLTVT,GGGCCGGGCACCAGGCTCACGGTCACAG,56602,17,clonotype69,clonotype69_consensus_1,1
TCGCGTTCAAGCGTAG-1,true,TCGCGTTCAAGCGTAG-1_contig_2,true,500,TRA,TRAV38-2/DV8,,TRAJ42,TRAC,true,true,AQTVTQSQPEMSVQEAETVTLSCTYD,GCTCAGACAGTCACTCAGTCTCAACCAGAGATGTCTGTGCAGGAGGCAGAGACCGTGACCCTGAGCTGCACATATGAC,TSESDYY,ACCAGTGAGAGTGATTATTAT,LFWYKQPPSRQMILVIR,TTATTCTGGTACAAGCAGCCTCCCAGCAGGCAGATGATTCTCGTTATTCGC,QEAYKQQN,CAAGAAGCTTATAAGCAACAGAAT,ATENRFSVNFQKAAKSFSLKISDSQLGDAAMYF,GCAACAGAGAATCGTTTCTCTGTGAACTTCCAGAAAGCAGCCAAATCCTTCAGTCTCAAGATCTCAGACTCACAGCTGGGGGATGCCGCGATGTATTTC,CAYRSDYGGSQGNLIF,TGTGCTTATAGGAGCGATTATGGAGGAAGCCAAGGAAATCTCATCTTT,GKGTKLSVKP,GGAAAAGGCACTAAACTCTCTGTTAAACCAA,16132,5,clonotype69,clonotype69_consensus_2,1
TCTCTAACAAGCTGTT-1,true,TCTCTAACAAGCTGTT-1_contig_1,true,519,TRB,TRBV5-1,,TRBJ2-7,TRBC2,true,true,KAGVTQTPRYLIKTRGQQVTLSCSPI,AAGGCTGGAGTCACTCAAACTCCAAGATATCTGATCAAAACGAGAGGACAGCAAGTGACACTGAGCTGCTCCCCTATC,SGHRS,TCTGGGCATAGGAGT,VSWYQQTPGQGLQFLFE,GTATCCTGGTACCAACAGACCCCAGGACAGGGCCTTCAGTTCCTCTTTGAA,YFSETQ,TACTTCAGTGAGACACAG,RNKGNFPGRFSGRQFSNSRSEMNVSTLELGDSALYL,AGAAACAAAGGAAACTTCCCTGGTCGATTCTCAGGGCGCCAGTTCTCTAACTCTCGCTCTGAGATGAATGTGAGCACCTTGGAGCTGGGGGACTCGGCCCTTTATCTT,CASSLVGPLAPDPYEQYF,TGCGCCAGCAGCTTGGTGGGGCCACTAGCCCCGGATCCCTACGAGCAGTACTTC,GPGTRLTVT,GGGCCGGGCACCAGGCTCACGGTCACAG,54931,6,clonotype94,clonotype94_consensus_1,1
TGACAACCACAAGCCC-1,true,TGACAACCACAAGCCC-1_contig_1,true,479,TRB,TRBV9,TRBD2,TRBJ2-2,TRBC2,true,true,DSGVTQTPKHLITATGQRVTLRCSPR,GATTCTGGAGTCACACAAACCCCAAAGCACCTGATCACAGCAACTGGACAGCGAGTGACGCTGAGATGCTCCCCTAGG,SGDLS,TCTGGAGACCTCTCT,VYWYQQSLDQGLQFLIQ,GTGTACTGGTACCAACAGAGCCTGGACCAGGGCCTCCAGTTCCTCATTCAG,YYNGEE,TATTATAATGGAGAAGAG,RAKGNILERFSAQQFPDLHSELNLSSLELGDSALYF,AGAGCAAAAGGAAACATTCTTGAACGATTCTCCGCACAACAGTTCCCTGACTTGCACTCTGAACTAAACCTGAGCTCTCTGGAGCTGGGGGACTCAGCTTTGTATTTC,CASSVTSGRGTGELFF,TGTGCCAGCAGCGTCACTAGCGGGAGGGGCACCGGGGAGCTGTTTTTT,GEGSRLTVL,GGAGAAGGCTCTAGGCTGACCGTACTGG,100,1,clonotype82,clonotype82_consensus_1,1
TGACAACCACAAGCCC-1,true,TGACAACCACAAGCCC-1_contig_2,true,483,TRA,TRAV4,,TRAJ40,TRAC,true,true,LAKTTQPISMDSYEGQEVNITCSHN,CTTGCTAAGACCACCCAGCCCATCTCCATGGACTCATATGAAGGACAAGAAGTGAACATAACCTGTAGCCACAAC,NIATNDY,AACATTGCTACAAATGATTAT,ITWYQQFPSQGPRFIIQ,ATCACGTGGTACCAACAGTTTCCCAGCCAAGGACCACGATTTATTATTCAA,GYKTK,GGATACAAGACAAAA,VTNEVASLFIPADRKSSTLSLPRVSLSDTAVYY,GTTACAAACGAAGTGGCCTCCCTGTTTATCCCTGCCGACAGAAAGTCCAGCACTCTGAGCCTGCCCCGGGTTTCCCTGAGCGACACTGCTGTGTACTAC,CLVGAPSGTYKYIF,TGCCTCGTGGGTGCCCCCTCAGGAACCTACAAATACATCTTT,GTGTRLKVLA,GGAACAGGCACCAGGCTGAAGGTTTTAGCAA,25440,4,clonotype82,clonotype82_consensus_2,1
TGACGGCTCTCAAACG-1,true,TGACGGCTCTCAAACG-1_contig_1,true,513,TRB,TRBV5-1,,TRBJ2-2,TRBC2,true,true,KAGVTQTPRYLIKTRGQQVTLSCSPI,AAGGCTGGAGTCACTCAAACTCCAAGATATCTGATCAAAACGAGAGGACAGCAAGTGACACTGAGCTGCTCCCCTATC,SGHRS,TCTGGGCATAGGAGT,VSWYQQTPGQGLQFLFE,GTATCCTGGTACCAACAGACCCCAGGACAGGGCCTTCAGTTCCTCTTTGAA,YFSETQ,TACTTCAGTGAGACACAG,RNKGNFPGRFSGRQFSNSRSEMNVSTLELGDSALYL,AGAAACAAAGGAAACTTCCCTGGTCGATTCTCAGGGCGCCAGTTCTCTAACTCTCGCTCTGAGATGAATGTGAGCACCTTGGAGCTGGGGGACTCGGCCCTTTATCTT,CASSPTGTGARELFF,TGCGCCAGCAGCCCTACCGGGACAGGTGCGAGGGAGCTGTTTTTT,GEGSRLTVL,GGAGAAGGCTCTAGGCTGACCGTACTGG,47770,4,clonotype60,clonotype60_consensus_1,1
TGAGCCGAGGCATGGT-1,true,TGAGCCGAGGCATGGT-1_contig_1,true,482,TRB,TRBV28,TRBD1,TRBJ1-2,TRBC1,true,true,DVKVTQSSRYLVKRTGEKVFLECVQD,GATGTGAAAGTAACCCAGAGCTCGAGATATCTAGTCAAAAGGACGGGAGAGAAAGTTTTTCTGGAATGTGTCCAGGAT,MDHEN,ATGGACCATGAAAAT,MFWYRQDPGLGLRLIYF,ATGTTCTGGTATCGACAAGACCCAGGTCTGGGGCTACGGCTGATCTATTTC,SYDVKM,TCATATGATGTTAAAATG,KEKGDIPEGYSVSREKKERFSLILESASTNQTSMYL,AAAGAAAAAGGAGATATTCCTGAGGGGTACAGTGTCTCTAGAGAGAAGAAGGAGCGCTTCTCCCTGATTCTGGAGTCCGCCAGCACCAACCAGACATCTATGTACCTC,CASSSYRGRFFDGYTF,TGTGCCAGCAGTTCGTACAGGGGGCGGTTCTTCGATGGCTACACCTTC,GSGTRLTVV,GGTTCGGGGACCAGGTTAACCGTTGTAG,72346,6,clonotype73,clonotype73_consensus_1,1
TGCCAAACACAGCGTC-1,true,TGCCAAACACAGCGTC-1_contig_1,true,469,TRB,TRBV2,,TRBJ2-1,TRBC2,true,true,EPEVTQTPSHQVTQMGQEVILRCVPI,GAACCTGAAGTCACCCAGACTCCCAGCCATCAGGTCACACAGATGGGACAGGAAGTGATCTTGCGCTGTGTCCCCATC,SNHLY,TCTAATCACTTATAC,FYWYRQILGQKVEFLVS,TTCTATTGGTACAGACAAATCTTGGGGCAGAAAGTCGAGTTTCTGGTTTCC,FYNNEI,TTTTATAATAATGAAATC,SEKSEIFDDQFSVERPDGSNFTLKIRSTKLEDSAMYF,TCAGAGAAGTCTGAAATATTCGATGATCAATTCTCAGTTGAAAGGCCTGATGGATCAAATTTCACTCTGAAGATCCGGTCCACAAAGCTGGAGGACTCAGCCATGTACTTC,CASIINANEQFF,TGTGCCAGCATTATTAACGCCAATGAGCAGTTCTTC,GPGTRLTVL,GGGCCAGGGACACGGCTCACCGTGCTAG,69344,4,clonotype17,clonotype17_consensus_1,1
TGCCCTACAAGAAGAG-1,true,TGCCCTACAAGAAGAG-1_contig_1,true,515,TRB,TRBV6-1,,TRBJ2-4,TRBC2,true,true,NAGVTQTPKFQVLKTGQSMTLQCAQD,AATGCTGGTGTCACTCAGACCCCAAAATTCCAGGTCCTGAAGACAGGACAGAGCATGACACTGCAGTGTGCCCAGGAT,MNHNS,ATGAACCATAACTCC,MYWYRQDPGMGLRLIYY,ATGTACTGGTATCGACAAGACCCAGGCATGGGACTGAGGCTGATTTATTAC,SASEGT,TCAGCTTCTGAGGGTACC,TDKGEVPNGYNVSRLNKREFSLRLESAAPSQTSVYF,ACTGACAAAGGAGAAGTCCCCAATGGCTACAATGTCTCCAGATTAAACAAACGGGAGTTCTCGCTCAGGCTGGAGTCGGCTGCTCCCTCCCAGACATCTGTGTACTTC,CASSEVNIGSSKNIQYF,TGTGCCAGCAGTGAAGTCAACATAGGGTCGTCCAAAAACATTCAGTACTTC,GAGTRLSVL,GGCGCCGGGACCCGGCTCTCAGTGCTGG,30773,2,clonotype85,clonotype85_consensus_1,1
TGCGCAGTCCCGACTT-1,true,TGCGCAGTCCCGACTT-1_contig_1,true,499,TRB,TRBV5-1,,TRBJ2-7,TRBC2,true,true,KAGVTQTPRYLIKTRGQQVTLSCSPI,AAGGCTGGAGTCACTCAAACTCCAAGATATCTGATCAAAACGAGAGGACAGCAAGTGACACTGAGCTGCTCCCCTATC,SGHRS,TCTGGGCATAGGAGT,VSWYQQTPGQGLQFLFE,GTATCCTGGTACCAACAGACCCCAGGACAGGGCCTTCAGTTCCTCTTTGAA,YFSETQ,TACTTCAGTGAGACACAG,RNKGNFPGRFSGRQFSNSRSEMNVSTLELGDSALYL,AGAAACAAAGGAAACTTCCCTGGTCGATTCTCAGGGCGCCAGTTCTCTAACTCTCGCTCTGAGATGAATGTGAGCACCTTGGAGCTGGGGGACTCGGCCCTTTATCTT,CASSRGAGSYEQYF,TGCGCCAGCAGCCGGGGGGCAGGCTCCTACGAGCAGTACTTC,GPGTRLTVT,GGGCCGGGCACCAGGCTCACGGTCACAG,72178,15,clonotype45,clonotype45_consensus_1,1
TGCTACCAGCGTAATA-1,true,TGCTACCAGCGTAATA-1_contig_1,true,489,TRB,TRBV20-1,TRBD1,TRBJ1-2,TRBC1,true,true,GAVVSQHPSWVICKSGTSVKIECRSL,GGTGCTGTCGTCTCTCAACATCCGAGCTGGGTTATCTGTAAGAGTGGAACCTCTGTGAAGATCGAGTGCCGTTCCCTG,DFQATT,GACTTTCAGGCCACAACT,MFWYRQFPKQSLMLMAT,ATGTTTTGGTATCGTCAGTTCCCGAAACAGAGTCTCATGCTGATGGCAACT,SNEGSKA,TCCAATGAGGGCTCCAAGGCC,TYEQGVEKDKFLINHASLTLSTLTVTSAHPEDSSFYI,ACATACGAGCAAGGCGTCGAGAAGGACAAGTTTCTCATCAACCATGCAAGCCTGACCTTGTCCACTCTGACAGTGACCAGTGCCCATCCTGAAGACAGCAGCTTCTACATC,CSARGQGRRNYGYTF,TGCAGTGCTAGGGGACAGGGTCGGAGGAACTATGGCTACACCTTC,GSGTRLTVV,GGTTCGGGGACCAGGTTAACCGTTGTAG,50564,4,clonotype28,clonotype28_consensus_1,1
TGCTACCAGCGTAATA-1,true,TGCTACCAGCGTAATA-1_contig_2,true,512,TRA,TRAV13-2,,TRAJ17,TRAC,true,true,GESVGLHLPTLSVQEGDNSIINCAYS,GGAGAGAGTGTGGGGCTGCATCTTCCTACCCTGAGTGTCCAGGAGGGTGACAACTCTATTATCAACTGTGCTTATTCA,NSASDY,AACAGCGCCTCAGACTAC,FIWYKQESGKGPQFIID,TTCATTTGGTACAAGCAAGAATCTGGAAAAGGTCCTCAATTCATTATAGAC,IRSNMDK,ATTCGTTCAAATATGGACAAA,RQGQRVTVLLNKTVKHLSLQIAATQPGDSAVYF,AGGCAAGGCCAAAGAGTCACCGTTTTATTGAATAAGACAGTGAAACATCTCTCTCTGCAAATTGCAGCTACTCAACCTGGAGACTCAGCTGTCTACTTT,CAEKRLAAGNKLTF,TGTGCAGAGAAACGGTTAGCTGCAGGCAACAAGCTAACTTTT,GGGTRVLVKP,GGAGGAGGAACCAGGGTGCTAGTTAAACCAA,18065,1,clonotype28,clonotype28_consensus_2,1
TGGGCGTAGGCGATAC-1,true,TGGGCGTAGGCGATAC-1_contig_1,true,497,TRB,TRBV5-1,,TRBJ2-1,TRBC2,true,true,KAGVTQTPRYLIKTRGQQVTLSCSPI,AAGGCTGGAGTCACTCAAACTCCAAGATATCTGATCAAAACGAGAGGACAGCAAGTGACACTGAGCTGCTCCCCTATC,SGHRS,TCTGGGCATAGGAGT,VSWYQQTPGQGLQFLFE,GTATCCTGGTACCAACAGACCCCAGGACAGGGCCTTCAGTTCCTCTTTGAA,YFSETQ,TACTTCAGTGAGACACAG,RNKGNFPGRFSGRQFSNSRSEMNVSTLELGDSALYL,AGAAACAAAGGAAACTTCCCTGGTCGATTCTCAGGGCGCCAGTTCTCTAACTCTCGCTCTGAGATGAATGTGAGCACCTTGGAGCTGGGGGACTCGGCCCTTTATCTT,CASSLRGYNEQFF,TGCGCCAGCAGCTTGCGCGGCTACAATGAGCAGTTCTTC,GPGTRLTVL,GGGCCAGGGACACGGCTCACCGTGCTAG,17440,3,clonotype31,clonotype31_consensus_1,1
TGGGCGTAGGCGATAC-1,true,TGGGCGTAGGCGATAC-1_contig_2,true,523,TRA,TRAV14/DV4,,TRAJ29,TRAC,true,true,AQKITQTQPGMFVQEKEAVTLDCTYD,GCCCAGAAGATAACTCAAACCCAACCAGGAATGTTCGTGCAGGAAAAGGAGGCTGTGACTCTGGACTGCACATATGAC,TSDPSYG,ACCAGTGATCCAAGTTATGGT,LFWYKQPSSGEMIFLIY,CTATTCTGGTACAAGCAGCCCAGCAGTGGGGAAATGATTTTTCTTATTTAT,QGSYDQQN,CAGGGGTCTTATGACCAGCAAAAT,ATEGRYSLNFQKARKSANLVISASQLGDSAMYF,GCAACAGAAGGTCGCTACTCATTGAATTTCCAGAAGGCAAGAAAATCCGCCAACCTTGTCATCTCCGCTTCACAACTGGGGGACTCAGCAATGTATTTC,CAMRYLSGNTPLVF,TGTGCAATGAGATACCTGTCAGGAAACACACCTCTTGTCTTT,GKGTRLSVIA,GGAAAGGGCACAAGACTTTCTGTGATTGCAA,27713,3,clonotype31,clonotype31_consensus_2,1
TGTGTTTTCCGTACAA-1,true,TGTGTTTTCCGTACAA-1_contig_1,true,514,TRB,TRBV7-9,,TRBJ2-1,TRBC2,true,true,DTGVSQDPRHKITKRGQNVTFRCDPI,GATACTGGAGTCTCCCAGGACCCCAGACACAAGATCACAAAGAGGGGACAGAATGTAACTTTCAGGTGTGATCCAATT,SEHNR,TCTGAACACAACCGC,LYWYRQTLGQGPEFLTY,CTTTATTGGTACCGACAGACCCTGGGGCAGGGCCCAGAGTTTCTGACTTAC,FQNEAQ,TTCCAGAATGAAGCTCAA,LEKSRLLSDRFSAERPKGSFSTLEIQRTEQGDSAMYL,CTAGAAAAATCAAGGCTGCTCAGTGATCGGTTCTCTGCAGAGAGGCCTAAGGGATCTTTCTCCACCTTGGAGATCCAGCGCACAGAGCAGGGGGACTCGGCCATGTATCTC,CASSLGEYNEQFF,TGTGCCAGCAGCTTAGGGGAATACAATGAGCAGTTCTTC,GPGTRLTVL,GGGCCAGGGACACGGCTCACCGTGCTAG,15794,3,clonotype42,clonotype42_consensus_1,1
TGTTCCGAGGCTAGGT-1,true,TGTTCCGAGGCTAGGT-1_contig_1,true,517,TRB,TRBV5-1,,TRBJ2-7,TRBC2,true,true,KAGVTQTPRYLIKTRGQQVTLSCSPI,AAGGCTGGAGTCACTCAAACTCCAAGATATCTGATCAAAACGAGAGGACAGCAAGTGACACTGAGCTGCTCCCCTATC,SGHRS,TCTGGGCATAGGAGT,VSWYQQTPGQGLQFLFE,GTATCCTGGTACCAACAGACCCCAGGACAGGGCCTTCAGTTCCTCTTTGAA,YFSETQ,TACTTCAGTGAGACACAG,RNKGNFPGRFSGRQFSNSRSEMNVSTLELGDSALYL,AGAAACAAAGGAAACTTCCCTGGTCGATTCTCAGGGCGCCAGTTCTCTAACTCTCGCTCTGAGATGAATGTGAGCACCTTGGAGCTGGGGGACTCGGCCCTTTATCTT,CASSFSPAERGRQPNEQYF,TGCGCCAGCAGCTTTTCCCCGGCCGAGAGAGGTAGGCAGCCTAACGAGCAGTACTTC,GPGTRLTVT,GGGCCGGGCACCAGGCTCACGGTCACAG,21605,4,clonotype99,clonotype99_consensus_1,1
TGTTCCGAGGCTAGGT-1,true,TGTTCCGAGGCTAGGT-1_contig_2,true,513,TRA,TRAV26-1,,TRAJ44,TRAC,true,true,DAKTTQPTSMDCAEGRAANLPCNHS,GATGCTAAGACCACCCAGCCCACCTCCATGGATTGCGCTGAAGGAAGAGCTGCAAACCTGCCTTGTAATCACTCT,TISGNEY,ACCATCAGTGGAAATGAGTAT,VYWYRQIHSQGPQYIIH,GTGTATTGGTATCGACAGATTCACTCCCAGGGGCCACAGTATATCATTCAT,GLKNN,GGTCTAAAAAACAAT,ETNEMASLIITEDRKSSTLILPHATLRDTAVYY,GAAACCAATGAAATGGCCTCTCTGATCATCACAGAAGACAGAAAGTCCAGCACCTTGATCCTGCCCCACGCTACGCTGAGAGACACTGCTGTGTACTAT,CILTPGTASKLTF,TGCATCCTCACACCCGGCACTGCCAGTAAACTCACCTTT,GTGTRLQVTL,GGGACTGGAACAAGACTTCAGGTCACGCTCG,5685,2,clonotype99,clonotype99_consensus_2,1
TTAACTCCAGTATGCT-1,true,TTAACTCCAGTATGCT-1_contig_1,true,518,TRB,TRBV6-5,,TRBJ2-1,TRBC2,true,true,NAGVTQTPKFQVLKTGQSMTLQCAQD,AATGCTGGTGTCACTCAGACCCCAAAATTCCAGGTCCTGAAGACAGGACAGAGCATGACACTGCAGTGTGCCCAGGAT,MNHEY,ATGAACCATGAATAC,MSWYRQDPGMGLRLIHY,ATGTCCTGGTATCGACAAGACCCAGGCATGGGGCTGAGGCTGATTCATTAC,SVGAGI,TCAGTTGGTGCTGGTATC,TDQGEVPNGYNVSRSTTEDFPLRLLSAAPSQTSVYF,ACTGACCAAGGAGAAGTCCCCAATGGCTACAATGTCTCCAGATCAACCACAGAGGATTTCCCGCTCAGGCTGCTGTCGGCTGCTCCCTCCCAGACATCTGTGTACTTC,CASSTSGGSMGEQFF,TGTGCCAGCAGTACTAGCGGTGGATCTATGGGTGAGCAGTTCTTC,GPGTRLTVL,GGGCCAGGGACACGGCTCACCGTGCTAG,25194,5,clonotype49,clonotype49_consensus_1,1
TTATGCTCACGCCAGT-1,true,TTATGCTCACGCCAGT-1_contig_1,true,564,TRB,TRBV19,,TRBJ2-7,TRBC2,true,true,DGGITQSPKYLFRKEGQNVTLSCEQN,GATGGTGGAATCACTCAGTCCCCAAAGTACCTGTTCAGAAAGGAAGGACAGAATGTGACCCTGAGTTGTGAACAGAAT,LNHDA,TTGAACCACGATGCC,MYWYRQDPGQGLRLIYY,ATGTACTGGTACCGACAGGACCCAGGGCAAGGGCTGAGATTGATCTACTAC,SQIVND,TCACAGATAGTAAATGAC,FQKGDIAEGYSVSREKKESFPLTVTSAQKNPTAFYL,TTTCAGAAAGGAGATATAGCTGAAGGGTACAGCGTCTCTCGGGAGAAGAAGGAATCCTTTCCTCTCACTGTGACATCGGCCCAAAAGAACCCGACAGCTTTCTATCTC,CASSLAGTEQYF,TGTGCCAGTAGTCTCGCCGGGACCGAGCAGTACTTC,GPGTRLTVT,GGGCCGGGCACCAGGCTCACGGTCACAG,15389,2,clonotype10,clonotype10_consensus_1,1
TTCTTAGCACTGTCGG-1,true,TTCTTAGCACTGTCGG-1_contig_1,true,462,TRB,TRBV29-1,,TRBJ2-3,TRBC2,true,true,SAVISQKPSRDICQRGTSLTIQCQVD,AGTGCTGTCATCTCTCAAAAGCCAAGCAGGGATATCTGTCAACGTGGAACCTCCCTGACGATCCAGTGTCAAGTCGAT,SQVTM,AGCCAAGTCACCATG,MFWYRQQPGQSLTLIAT,ATGTTCTGGTACCGTCAGCAACCTGGACAGAGCCTGACACTGATCGCAACT,ANQGSEA,GCAAATCAGGGCTCTGAGGCC,TYESGFVIDKFPISRPNLTFSTLTVSNMSPEDSSIYL,ACATATGAGAGTGGATTTGTCATTGACAAGTTTCCCATCAGCCGCCCAAACCTAACATTCTCAACTCTGACTGTGAGCAACATGAGCCCTGAAGACAGCAGCATATATCTC,CSVSTDTQYF,TGCAGCGTTTCTACAGATACGCAGTATTTT,GPGTRLTVL,GGCCCAGGCACCCGGCTGACAGTGCTCG,68036,22,clonotype1,clonotype1_consensus_1,1
TTCTTAGCACTGTCGG-1,true,TTCTTAGCACTGTCGG-1_contig_2,true,500,TRA,TRAV4,,TRAJ42,TRAC,true,true,LAKTTQPISMDSYEGQEVNITCSHN,CTTGCTAAGACCACCCAGCCCATCTCCATGGACTCATATGAAGGACAAGAAGTGAACATAACCTGTAGCCACAAC,NIATNDY,AACATTGCTACAAATGATTAT,ITWYQQFPSQGPRFIIQ,ATCACGTGGTACCAACAGTTTCCCAGCCAAGGACCACGATTTATTATTCAA,GYKTK,GGATACAAGACAAAA,VTNEVASLFIPADRKSSTLSLPRVSLSDTAVYY,GTTACAAACGAAGTGGCCTCCCTGTTTATCCCTGCCGACAGAAAGTCCAGCACTCTGAGCCTGCCCCGGGTTTCCCTGAGCGACACTGCTGTGTACTAC,CLVGGHYGGSQGNLIF,TGCCTCGTGGGTGGGCATTATGGAGGAAGCCAAGGAAATCTCATCTTT,GKGTKLSVKP,GGAAAAGGCACTAAACTCTCTGTTAAACCAA,6571,2,clonotype1,clonotype1_consensus_2,1
TTGCGTCTCTGTCTCG-1,true,TTGCGTCTCTGTCTCG-1_contig_1,true,502,TRB,TRBV6-8,,TRBJ2-5,TRBC2,true,true,NAGVTQTPKFHILKTGQSMTLQCAQD,AATGCTGGTGTCACTCAGACCCCAAAATTCCACATCCTGAAGACAGGACAGAGCATGACACTGCAGTGTGCCCAGGAT,MNHGY,ATGAACCATGGATAC,MSWYRQDPGMGLRLIYY,ATGTCCTGGTATCGACAAGACCCAGGCATGGGGCTGAGACTGATTTACTAC,SAAAG,TCAGCTGCTGCTGGT,TTDKEVPNGYNVSRLNTEDFPLRLVSAAPSQTSVYL,ACTACTGACAAAGAAGTCCCCAATGGCTACAATGTCTCTAGATTAAACACAGAGGATTTCCCACTCAGGCTGGTGTCGGCTGCTCCCTCCCAGACATCTGTGTACTTG,CASSYEFTGQETQYF,TGTGCCAGCAGTTACGAGTTTACAGGCCAAGAGACCCAGTACTTC,GPGTRLLVL,GGGCCAGGCACGCGGCTCCTGGTGCTCG,74236,4,clonotype34,clonotype34_consensus_1,1
TTGGAACCACCTATCC-1,true,TTGGAACCACCTATCC-1_contig_1,true,513,TRB,TRBV28,,TRBJ2-7,TRBC2,true,true,DVKVTQSSRYLVKRTGEKVFLECVQD,GATGTGAAAGTAACCCAGAGCTCGAGATATCTAGTCAAAAGGACGGGAGAGAAAGTTTTTCTGGAATGTGTCCAGGAT,MDHEN,ATGGACCATGAAAAT,MFWYRQDPGLGLRLIYF,ATGTTCTGGTATCGACAAGACCCAGGTCTGGGGCTACGGCTGATCTATTTC,SYDVKM,TCATATGATGTTAAAATG,KEKGDIPEGYSVSREKKERFSLILESASTNQTSMYL,AAAGAAAAAGGAGATATTCCTGAGGGGTACAGTGTCTCTAGAGAGAAGAAGGAGCGCTTCTCCCTGATTCTGGAGTCCGCCAGCACCAACCAGACATCTATGTACCTC,CASSHLYTPGQKLYEQYF,TGTGCCAGCAGTCACCTCTACACGCCTGGACAGAAGCTCTACGAGCAGTACTTC,GPGTRLTVT,GGGCCGGGCACCAGGCTCACGGTCACAG,75464,10,clonotype92,clonotype92_consensus_1,1
